merge_date,avg_sentiment_neg,avg_sentiment_neu,avg_sentiment_pos,avg_sentiment_polarity,daily_news_count
2016-02-19,0.2951637,0.6972816,0.007554634,-0.28760907,1
2017-10-05,0.9440422,0.036872845,0.019084977,-0.9249572,1
2017-11-27,0.9448445,0.035580993,0.019574517,-0.92526996,1
2017-11-30,0.74879193,0.24144977,0.009758299,-0.73903364,1
2018-01-31,0.944325,0.036839653,0.018835353,-0.9254896,1
2018-03-16,0.78879404,0.19531892,0.015886987,-0.7729071,1
2018-03-27,0.026796175,0.009584153,0.96361965,0.9368235,1
2018-04-16,0.94446397,0.036589786,0.018946249,-0.92551774,1
2018-06-22,0.02447839,0.034224696,0.941297,0.9168186,1
2018-10-23,0.94128495,0.041792687,0.016922435,-0.92436254,1
2018-11-30,0.944272,0.036949158,0.018778937,-0.92549306,1
2019-01-03,0.032710582,0.018357474,0.94893193,0.9162214,2
2019-02-22,0.94204473,0.040132392,0.01782287,-0.9242219,1
2019-04-01,0.94654655,0.03481075,0.018642735,-0.92790383,1
2019-04-16,0.9528369,0.025429811,0.021733362,-0.9311035,1
2019-04-18,0.0666295,0.016163591,0.91720694,0.8505775,1
2019-04-22,0.93608636,0.020511001,0.04340262,-0.89268374,1
2019-04-25,0.76128054,0.027924968,0.21079445,-0.5504861,3
2019-04-29,0.9056735,0.022448856,0.07187766,-0.83379585,1
2019-05-01,0.7809388,0.02554235,0.19351882,-0.58742,3
2019-05-07,0.9538797,0.024884589,0.021235678,-0.932644,1
2019-05-10,0.9064431,0.022588968,0.070967905,-0.8354752,1
2019-05-13,0.953833,0.024927668,0.021239346,-0.93259364,1
2019-05-14,0.9361632,0.020569483,0.043267336,-0.8928959,1
2019-05-15,0.5112179,0.01906798,0.4697141,-0.041503787,2
2019-05-16,0.9188997,0.02218186,0.0589184,-0.8599813,1
2019-05-17,0.06222425,0.009223259,0.92855245,0.8663282,1
2019-05-20,0.93638784,0.020579103,0.043033108,-0.8933547,1
2019-05-21,0.95382386,0.02492132,0.021254806,-0.9325691,1
2019-05-22,0.93688565,0.01994659,0.043167807,-0.8937178,1
2019-05-23,0.5217193,0.022598006,0.45568278,-0.06603649,1
2019-05-24,0.70629025,0.041691724,0.25201797,-0.45427227,1
2019-05-26,0.94662505,0.022028105,0.0313468,-0.91527826,1
2019-05-27,0.93609214,0.02056597,0.043341946,-0.8927502,1
2019-05-29,0.93617946,0.02009335,0.04372721,-0.89245224,1
2019-05-30,0.28558576,0.042380586,0.67203367,0.3864479,1
2019-05-31,0.49233714,0.014882873,0.49277997,0.0004428327,2
2019-06-03,0.93645835,0.02029261,0.043249074,-0.8932092,2
2019-06-06,0.28577328,0.020588523,0.6936382,0.40786493,1
2019-06-07,0.9220646,0.020527652,0.057407744,-0.86465687,1
2019-06-10,0.9369387,0.020525066,0.042536277,-0.89440244,1
2019-06-13,0.9538384,0.024840346,0.021321325,-0.9325171,1
2019-06-14,0.9214674,0.020542769,0.057989836,-0.8634776,1
2019-06-16,0.93596494,0.02043919,0.043595944,-0.892369,1
2020-03-23,0.059022866,0.032957334,0.9080198,0.84899694,1
2020-03-24,0.17704199,0.014470607,0.80848736,0.63144535,1
2020-03-27,0.44417983,0.07607086,0.4797493,0.03556946,2
2020-03-30,0.30257654,0.20041876,0.4970047,0.19442815,2
2020-04-07,0.027950663,0.47283727,0.49921203,0.47126138,2
2020-04-08,0.7192783,0.2616438,0.019077951,-0.7002003,1
2020-04-09,0.11409742,0.027471108,0.8584315,0.7443341,1
2020-04-23,0.32218733,0.075405315,0.60240734,0.28022,3
2020-04-24,0.8747168,0.088383675,0.036899514,-0.8378173,2
2020-04-27,0.36345,0.16074851,0.47580153,0.1123515,5
2020-04-28,0.020095944,0.01004294,0.9698611,0.94976515,1
2020-04-30,0.032725595,0.011263407,0.95601094,0.92328537,1
2020-05-01,0.9215731,0.06552736,0.012899529,-0.9086736,1
2020-05-05,0.5091972,0.06091762,0.4298852,-0.07931197,2
2020-05-06,0.02337949,0.07388622,0.9027342,0.8793547,1
2020-05-07,0.47443652,0.35397086,0.17159262,-0.30284387,2
2020-05-12,0.39654878,0.07030727,0.533144,0.13659522,1
2020-05-13,0.20429787,0.7871059,0.008596187,-0.19570169,1
2020-05-14,0.85639554,0.1123852,0.031219281,-0.82517624,2
2020-05-15,0.91748524,0.05810908,0.024405727,-0.8930795,1
2020-05-18,0.082816474,0.019753821,0.89742976,0.8146133,1
2020-05-19,0.6214875,0.36757958,0.010932886,-0.61055464,1
2020-05-20,0.46919668,0.060767926,0.4700354,0.00083872676,2
2020-05-28,0.034685805,0.013328489,0.95198566,0.91729987,1
2020-06-10,0.87588817,0.10117944,0.022932386,-0.85295576,1
2020-06-15,0.6138806,0.31237143,0.07374799,-0.5401326,1
2020-06-19,0.88666874,0.09805074,0.0152805345,-0.8713882,1
2020-06-24,0.03536493,0.010796156,0.9538388,0.9184739,1
2020-06-29,0.612213,0.043134563,0.34465244,-0.2675606,2
2020-07-02,0.49077687,0.041460622,0.4677625,-0.023014346,3
2020-07-03,0.03019871,0.014651599,0.9551497,0.924951,1
2020-07-07,0.018592367,0.32074574,0.6606619,0.6420695,3
2020-07-08,0.01274588,0.02527584,0.9619784,0.9492325,2
2020-07-11,0.79865444,0.050914828,0.15043065,-0.64822376,2
2020-07-14,0.8201626,0.06484664,0.11499075,-0.7051718,2
2020-07-15,0.09129061,0.8878424,0.020866893,-0.070423715,1
2020-07-16,0.16895857,0.7569318,0.07410966,-0.094848916,4
2020-07-17,0.2856266,0.7023914,0.011982066,-0.27364454,2
2020-07-20,0.037619423,0.51637465,0.44600588,0.40838647,2
2020-07-30,0.8582748,0.12374605,0.017979123,-0.8402957,2
2020-08-03,0.033404145,0.9355645,0.031031365,-0.0023727808,8
2020-08-05,0.009683111,0.015002895,0.97531396,0.9656308,2
2020-08-06,0.036135964,0.94205457,0.021809414,-0.01432655,2
2020-08-07,0.40610036,0.031108558,0.5627911,0.15669075,1
2020-08-10,0.5061584,0.4683175,0.025524097,-0.4806343,2
2020-08-11,0.79120576,0.19944191,0.009352335,-0.78185344,1
2020-08-13,0.069253124,0.9177052,0.013041702,-0.056211423,2
2020-08-18,0.15542488,0.4104068,0.43416834,0.27874342,6
2020-08-19,0.29837963,0.020159628,0.68146074,0.3830811,2
2020-08-20,0.14088498,0.0416424,0.81747264,0.67658764,1
2020-08-21,0.90542924,0.081972875,0.01259787,-0.8928314,1
2020-08-24,0.15761982,0.14490958,0.69747066,0.53985083,5
2020-08-25,0.21107276,0.7728433,0.01608399,-0.19498877,2
2020-08-27,0.5892846,0.39560303,0.01511228,-0.5741723,2
2020-08-28,0.8567557,0.121795766,0.021448582,-0.83530706,3
2020-08-31,0.50811446,0.066533625,0.42535195,-0.08276251,2
2020-09-02,0.096049294,0.36682677,0.537124,0.44107467,8
2020-09-03,0.3039813,0.110970035,0.5850487,0.2810674,4
2020-09-04,0.46139857,0.031948775,0.50665265,0.04525405,4
2020-09-08,0.048331723,0.93269867,0.018969657,-0.029362066,1
2020-09-09,0.7505633,0.13407333,0.1153634,-0.63519984,3
2020-09-10,0.113305785,0.65145344,0.23524082,0.12193503,1
2020-09-11,0.76373565,0.121719755,0.11454458,-0.6491911,2
2020-09-14,0.51460457,0.40772894,0.077666394,-0.4369382,4
2020-09-15,0.5736546,0.3576083,0.0687371,-0.5049175,1
2020-09-16,0.038312536,0.7317622,0.2299254,0.19161285,1
2020-09-17,0.8096749,0.17006502,0.020260047,-0.7894149,5
2020-09-22,0.845314,0.1201251,0.034560867,-0.81075317,1
2020-09-24,0.6749919,0.06586925,0.25913885,-0.41585302,5
2020-09-28,0.1475093,0.8439302,0.008560495,-0.1389488,2
2020-09-29,0.024675542,0.03291473,0.9424097,0.91773415,3
2020-10-01,0.103282765,0.73398745,0.16272978,0.05944702,4
2020-10-06,0.18343273,0.8001832,0.016384156,-0.16704857,1
2020-10-07,0.41381532,0.573039,0.013145746,-0.40066957,1
2020-10-08,0.3216525,0.6583374,0.020010045,-0.30164248,3
2020-10-09,0.65260154,0.0832153,0.26418313,-0.3884184,1
2020-10-12,0.5258076,0.20376925,0.27042314,-0.2553845,6
2020-10-13,0.03676823,0.03217629,0.9310555,0.8942872,2
2020-10-16,0.5591585,0.349737,0.09110447,-0.46805406,5
2020-10-20,0.020507848,0.014165212,0.965327,0.94481915,1
2020-10-21,0.77593195,0.19337542,0.030692657,-0.74523926,4
2020-10-22,0.47448903,0.51420134,0.011309673,-0.46317935,1
2020-10-23,0.529359,0.45818216,0.01245879,-0.5169002,2
2020-10-24,0.18560228,0.03080981,0.78358793,0.5979856,2
2020-10-26,0.92496526,0.032478515,0.042556174,-0.8824091,2
2020-10-27,0.7692871,0.21737428,0.013338628,-0.7559485,2
2020-10-28,0.52757674,0.37617263,0.09625064,-0.4313261,1
2020-10-29,0.046532374,0.010996538,0.9424712,0.8959388,2
2020-10-30,0.28248075,0.3028477,0.41467157,0.13219082,5
2020-11-02,0.056927215,0.21015032,0.73292243,0.67599523,5
2020-11-03,0.8528546,0.12372551,0.023419898,-0.8294347,2
2020-11-09,0.07582638,0.014726669,0.909447,0.8336206,6
2020-11-10,0.9111636,0.061662205,0.027174175,-0.88398945,1
2020-11-11,0.12829006,0.2265654,0.6451445,0.51685447,3
2020-11-13,0.5241516,0.15464766,0.32120073,-0.20295088,2
2020-11-14,0.38019744,0.2141442,0.40565842,0.025460988,1
2020-11-23,0.16243128,0.8277559,0.009812723,-0.15261856,2
2020-11-25,0.4865559,0.4546727,0.058771376,-0.42778453,2
2020-11-28,0.74622077,0.22232436,0.0314549,-0.71476585,2
2020-11-30,0.46185455,0.26248878,0.27565667,-0.18619788,1
2020-12-01,0.8209813,0.17025383,0.008764824,-0.8122165,1
2020-12-04,0.031015705,0.02128601,0.94769835,0.91668266,2
2020-12-05,0.5170736,0.23188643,0.25103995,-0.26603362,3
2020-12-06,0.1218179,0.020419199,0.8577629,0.735945,2
2020-12-07,0.79995,0.0385116,0.1615384,-0.63841164,2
2020-12-09,0.90167546,0.078258015,0.02006647,-0.88160896,1
2020-12-10,0.026630701,0.045154475,0.92821485,0.90158415,2
2020-12-11,0.37169546,0.37021956,0.25808498,-0.113610476,2
2020-12-14,0.16111949,0.01564335,0.8232372,0.66211766,6
2020-12-15,0.039106213,0.3689987,0.5918951,0.5527889,10
2020-12-16,0.32266882,0.64671284,0.030618355,-0.29205048,6
2020-12-17,0.04291006,0.011954317,0.9451356,0.9022256,4
2020-12-19,0.030352583,0.009038697,0.9606088,0.9302562,6
2020-12-21,0.021469738,0.008598684,0.96993166,0.94846195,2
2020-12-22,0.36896133,0.32499,0.30604866,-0.06291269,4
2020-12-23,0.65474075,0.17519845,0.17006077,-0.48467997,6
2020-12-24,0.39102826,0.035778727,0.573193,0.18216476,2
2020-12-25,0.16024593,0.82237864,0.017375503,-0.14287043,1
2020-12-28,0.32965937,0.45179093,0.21854967,-0.111109726,6
2020-12-29,0.84308136,0.109894894,0.04702379,-0.7960576,1
2020-12-30,0.22622621,0.7475201,0.026253622,-0.19997258,4
2021-01-03,0.83063656,0.1591179,0.010245475,-0.82039106,1
2021-01-04,0.30956072,0.66294783,0.027491359,-0.28206936,2
2021-01-05,0.27381766,0.64523965,0.080942675,-0.19287498,6
2021-01-06,0.5503199,0.4380754,0.011604661,-0.5387153,2
2021-01-07,0.03665198,0.60593003,0.35741797,0.320766,3
2021-01-08,0.41887254,0.46735823,0.11376923,-0.3051033,8
2021-01-09,0.55612886,0.1183583,0.32551283,-0.2306161,5
2021-01-12,0.49657616,0.111643516,0.39178032,-0.104795836,5
2021-01-13,0.51600915,0.29926023,0.18473062,-0.33127856,5
2021-01-14,0.68932194,0.27996346,0.030714577,-0.65860736,3
2021-01-15,0.32079515,0.3074635,0.37174135,0.050946224,15
2021-01-16,0.8396709,0.14333896,0.01699006,-0.82268083,1
2021-01-18,0.86792266,0.113240644,0.018836627,-0.84908605,2
2021-01-19,0.2972437,0.3014447,0.40131158,0.10406786,5
2021-01-20,0.6465632,0.3434245,0.010012389,-0.6365508,2
2021-01-21,0.3713825,0.2280403,0.40057716,0.029194688,5
2021-01-22,0.28249767,0.299428,0.4180743,0.13557664,8
2021-01-24,0.64674217,0.07560088,0.27765694,-0.36908522,4
2021-01-25,0.22859617,0.047984667,0.7234192,0.49482304,8
2021-01-26,0.4263553,0.21699588,0.35664883,-0.06970649,7
2021-01-27,0.53276,0.4398384,0.027401589,-0.50535846,4
2021-01-28,0.28624672,0.03367148,0.6800818,0.3938351,8
2021-01-29,0.20150414,0.3906968,0.40779907,0.20629492,5
2021-02-01,0.27073985,0.66175836,0.067501806,-0.20323804,2
2021-02-02,0.26130027,0.25668597,0.4820138,0.22071354,4
2021-02-03,0.11410954,0.4068696,0.47902086,0.36491132,2
2021-02-04,0.27405232,0.6877017,0.038246028,-0.2358063,5
2021-02-05,0.4691731,0.29546514,0.23536174,-0.23381138,8
2021-02-07,0.43980026,0.5461489,0.014050802,-0.42574948,4
2021-02-08,0.45131043,0.27710557,0.271584,-0.17972645,17
2021-02-09,0.5936311,0.09247864,0.31389028,-0.2797408,6
2021-02-10,0.5059314,0.43283275,0.061235853,-0.44469553,9
2021-02-11,0.61667156,0.3569907,0.026337732,-0.5903338,9
2021-02-12,0.025971899,0.009083019,0.9649451,0.9389732,1
2021-02-13,0.49599728,0.49059963,0.013403115,-0.48259413,4
2021-02-14,0.9002063,0.04226274,0.05753094,-0.8426754,2
2021-02-15,0.08094424,0.36022058,0.5588352,0.47789097,2
2021-02-16,0.06299657,0.76991874,0.16708468,0.10408811,2
2021-02-17,0.35920954,0.18844001,0.45235047,0.09314096,10
2021-02-18,0.41965398,0.2543247,0.3260213,-0.093632676,11
2021-02-19,0.6813033,0.20892702,0.1097697,-0.57153356,13
2021-02-20,0.75552434,0.19976865,0.044706944,-0.71081746,5
2021-02-21,0.04897405,0.9334933,0.017532712,-0.03144134,1
2021-02-22,0.18560728,0.41291994,0.40147275,0.21586546,10
2021-02-23,0.19457325,0.22131987,0.5841069,0.38953367,8
2021-02-24,0.40378112,0.5604703,0.035748612,-0.3680325,5
2021-02-25,0.48016015,0.13980952,0.3800304,-0.10012974,10
2021-02-26,0.5242867,0.21113603,0.26457727,-0.25970942,18
2021-02-27,0.56236964,0.38020405,0.057426304,-0.5049433,3
2021-03-01,0.34121245,0.5919821,0.06680539,-0.27440706,8
2021-03-02,0.30534154,0.35865062,0.33600783,0.030666282,14
2021-03-03,0.22102204,0.49685115,0.28212675,0.061104715,5
2021-03-04,0.40330738,0.15735477,0.43933785,0.036030464,13
2021-03-05,0.56448823,0.21063945,0.22487232,-0.33961594,18
2021-03-06,0.043908346,0.44694015,0.5091515,0.4652432,2
2021-03-07,0.42200553,0.53010297,0.04789148,-0.37411407,2
2021-03-08,0.17026895,0.32205608,0.50767493,0.33740595,11
2021-03-09,0.41727448,0.4750906,0.107634924,-0.30963957,16
2021-03-10,0.43319187,0.39551526,0.17129287,-0.261899,20
2021-03-11,0.5210799,0.3905571,0.088363044,-0.43271685,15
2021-03-12,0.2794682,0.32919404,0.39133775,0.11186953,11
2021-03-13,0.67628825,0.17435344,0.14935829,-0.52693,10
2021-03-14,0.4327524,0.46316525,0.10408235,-0.32867005,6
2021-03-15,0.35831648,0.41289485,0.22878869,-0.12952779,15
2021-03-16,0.39851308,0.3168753,0.2846116,-0.11390149,32
2021-03-17,0.38873792,0.17030972,0.44095236,0.052214418,27
2021-03-18,0.567251,0.26240933,0.1703396,-0.39691144,22
2021-03-19,0.49827254,0.23792648,0.263801,-0.2344715,26
2021-03-20,0.2827886,0.18022193,0.53698945,0.25420088,13
2021-03-21,0.5058853,0.19229725,0.30181745,-0.20406784,8
2021-03-22,0.43320224,0.24277417,0.32402357,-0.10917868,34
2021-03-23,0.4475219,0.3682052,0.1842729,-0.26324904,18
2021-03-24,0.42679542,0.29353777,0.27966684,-0.14712855,21
2021-03-25,0.6088937,0.1480525,0.24305381,-0.36583987,19
2021-03-26,0.6287507,0.19636907,0.17488028,-0.45387036,30
2021-03-27,0.6508091,0.21265545,0.13653544,-0.5142737,10
2021-03-28,0.47691476,0.21769685,0.30538842,-0.17152636,6
2021-03-29,0.45335227,0.19905359,0.34759414,-0.105758145,22
2021-03-30,0.34510532,0.24264617,0.41224852,0.0671432,40
2021-03-31,0.41262722,0.3799923,0.20738049,-0.20524672,50
2021-04-01,0.5083383,0.27988398,0.21177776,-0.29656053,28
2021-04-02,0.64469117,0.1549164,0.20039241,-0.44429877,14
2021-04-03,0.071885176,0.8313655,0.09674924,0.024864063,1
2021-04-04,0.3608481,0.6199428,0.019209104,-0.341639,3
2021-04-05,0.57948756,0.20731342,0.21319902,-0.36628854,27
2021-04-06,0.40145603,0.37699625,0.22154772,-0.1799083,20
2021-04-07,0.4024177,0.2934091,0.3041732,-0.09824451,24
2021-04-08,0.30709687,0.27764565,0.4152575,0.10816063,42
2021-04-09,0.40823606,0.4612282,0.13053572,-0.27770033,29
2021-04-10,0.29351044,0.49764425,0.2088453,-0.084665135,4
2021-04-11,0.15169592,0.48664275,0.36166131,0.2099654,6
2021-04-12,0.3677294,0.30951184,0.32275876,-0.04497062,29
2021-04-13,0.5858168,0.24316323,0.17101997,-0.41479683,25
2021-04-14,0.56094867,0.29047433,0.14857705,-0.4123716,24
2021-04-15,0.322753,0.507944,0.16930299,-0.15345004,20
2021-04-16,0.5305372,0.20549488,0.26396793,-0.2665693,21
2021-04-17,0.6593016,0.09738605,0.24331245,-0.4159891,7
2021-04-18,0.71067095,0.183477,0.105852015,-0.604819,6
2021-04-19,0.5885842,0.26094347,0.15047234,-0.43811184,27
2021-04-20,0.49223194,0.3367073,0.17106079,-0.32117116,61
2021-04-21,0.45391998,0.15845716,0.38762286,-0.066297114,56
2021-04-22,0.40574512,0.26576525,0.32848963,-0.077255525,30
2021-04-23,0.410246,0.35422897,0.23552503,-0.17472097,44
2021-04-24,0.27948523,0.26625657,0.4542582,0.17477298,7
2021-04-25,0.23423125,0.6207357,0.14503306,-0.089198194,11
2021-04-26,0.2952918,0.40049908,0.30420908,0.0089172395,51
2021-04-27,0.43236178,0.27147195,0.2961663,-0.13619551,50
2021-04-28,0.29213384,0.41461477,0.29325137,0.0011175387,85
2021-04-29,0.24840637,0.44764015,0.3039535,0.05554712,100
2021-04-30,0.2580746,0.20343292,0.5384925,0.28041783,61
2021-05-01,0.727519,0.09263427,0.17984676,-0.5476722,65
2021-05-02,0.25748911,0.14748664,0.5950242,0.33753517,14
2021-05-03,0.48382604,0.26514933,0.25102463,-0.23280138,50
2021-05-04,0.3135608,0.24626175,0.44017744,0.12661664,33
2021-05-05,0.3501785,0.40350732,0.24631415,-0.10386436,28
2021-05-06,0.42816687,0.18125227,0.39058083,-0.037586045,28
2021-05-07,0.3238958,0.28779653,0.3883077,0.06441187,27
2021-05-08,0.31653982,0.14818308,0.53527707,0.21873723,7
2021-05-09,0.6999434,0.288445,0.011611545,-0.6883319,5
2021-05-10,0.39561978,0.18876249,0.41561773,0.019997947,18
2021-05-11,0.27939847,0.0811257,0.6394759,0.36007735,31
2021-05-12,0.42936105,0.11501376,0.45562518,0.026264116,29
2021-05-13,0.46610916,0.18765208,0.34623876,-0.11987038,15
2021-05-14,0.4023314,0.2760498,0.3216188,-0.08071263,28
2021-05-15,0.44170517,0.15276842,0.40552643,-0.036178734,7
2021-05-16,0.577844,0.39682877,0.025327208,-0.5525168,4
2021-05-17,0.57379323,0.23511432,0.19109243,-0.38270083,44
2021-05-18,0.5464349,0.31547418,0.13809094,-0.4083439,33
2021-05-19,0.49147138,0.22747396,0.28105468,-0.21041667,32
2021-05-20,0.47089124,0.29349074,0.23561803,-0.2352732,27
2021-05-21,0.4669597,0.24577159,0.2872687,-0.17969103,43
2021-05-22,0.33802748,0.34209433,0.31987816,-0.018149307,6
2021-05-23,0.7564112,0.0559906,0.1875982,-0.568813,2
2021-05-24,0.5377,0.27011344,0.19218658,-0.34551337,31
2021-05-25,0.3950951,0.31287614,0.29202875,-0.10306638,27
2021-05-26,0.43490195,0.36425376,0.20084435,-0.2340576,27
2021-05-27,0.44497755,0.21395181,0.34107062,-0.10390693,17
2021-05-28,0.55733484,0.13111337,0.31155178,-0.24578306,36
2021-05-30,0.4498282,0.5297035,0.02046829,-0.4293599,4
2021-05-31,0.294448,0.24504156,0.46051043,0.16606249,5
2021-06-01,0.4739614,0.44084853,0.08519006,-0.38877138,18
2021-06-02,0.48727784,0.25236022,0.2603619,-0.22691594,38
2021-06-03,0.30324277,0.3808905,0.31586668,0.012623915,15
2021-06-04,0.5575403,0.24694365,0.19551608,-0.3620242,37
2021-06-05,0.46369058,0.10768547,0.42862397,-0.035066575,4
2021-06-06,0.4015154,0.30801842,0.29046625,-0.11104911,7
2021-06-07,0.45947197,0.2462926,0.2942354,-0.16523656,69
2021-06-08,0.545959,0.2502854,0.20375562,-0.34220338,38
2021-06-09,0.36833912,0.29317644,0.3384844,-0.029854713,27
2021-06-10,0.49283195,0.3039488,0.20321926,-0.28961268,25
2021-06-11,0.6901791,0.1755302,0.1342907,-0.5558884,33
2021-06-12,0.496315,0.16931601,0.33436897,-0.16194601,6
2021-06-13,0.39198726,0.42607108,0.18194164,-0.21004564,9
2021-06-14,0.5946628,0.19291417,0.21242304,-0.3822398,33
2021-06-15,0.4359219,0.2159629,0.34811518,-0.087806724,37
2021-06-16,0.40188584,0.28935203,0.30876216,-0.09312369,36
2021-06-17,0.49600202,0.38613883,0.11785917,-0.37814286,20
2021-06-18,0.55662245,0.23059845,0.21277906,-0.3438434,29
2021-06-19,0.0286658,0.95315397,0.018180149,-0.010485651,2
2021-06-20,0.267405,0.20326953,0.5293255,0.26192048,6
2021-06-21,0.55084854,0.25004718,0.19910431,-0.35174417,41
2021-06-22,0.32799268,0.39625925,0.27574804,-0.052244652,39
2021-06-23,0.36734894,0.3468256,0.2858255,-0.08152342,33
2021-06-24,0.44298995,0.27868816,0.2783219,-0.16466807,44
2021-06-25,0.68968385,0.07703422,0.23328191,-0.45640194,17
2021-06-26,0.35735485,0.618916,0.023729166,-0.33362567,9
2021-06-27,0.50506634,0.474208,0.02072567,-0.48434067,6
2021-06-28,0.4010837,0.4159876,0.18292868,-0.21815504,25
2021-06-29,0.5107634,0.33747935,0.15175721,-0.35900623,36
2021-06-30,0.4641286,0.27623564,0.25963578,-0.2044928,35
2021-07-01,0.3309616,0.5455095,0.123528875,-0.20743275,31
2021-07-02,0.39398396,0.377698,0.22831802,-0.16566594,20
2021-07-03,0.8548,0.12899427,0.016205769,-0.8385942,4
2021-07-04,0.39897218,0.06560387,0.535424,0.13645181,2
2021-07-05,0.41735888,0.5068497,0.07579143,-0.34156743,8
2021-07-06,0.26839367,0.35418525,0.37742102,0.10902733,24
2021-07-07,0.30090475,0.46217898,0.23691629,-0.06398845,32
2021-07-08,0.22311318,0.32351476,0.45337206,0.23025887,20
2021-07-09,0.565011,0.2945568,0.14043218,-0.42457885,25
2021-07-10,0.2996985,0.5637881,0.1365134,-0.16318509,7
2021-07-11,0.42556298,0.5593185,0.015118568,-0.4104444,3
2021-07-12,0.41072735,0.34780458,0.24146807,-0.16925928,21
2021-07-13,0.35455367,0.25652966,0.38891667,0.03436302,28
2021-07-14,0.20645997,0.43233532,0.3612047,0.15474471,58
2021-07-15,0.28685874,0.40023726,0.31290397,0.026045222,30
2021-07-16,0.43532753,0.3167103,0.24796216,-0.18736538,29
2021-07-17,0.40742075,0.237818,0.35476118,-0.05265957,4
2021-07-18,0.4127741,0.5697238,0.017502086,-0.39527202,3
2021-07-19,0.32928273,0.2490243,0.421693,0.09241026,14
2021-07-20,0.27329051,0.44909838,0.2776111,0.0043205875,35
2021-07-21,0.36114836,0.37643883,0.26241276,-0.09873559,22
2021-07-22,0.3127845,0.3648975,0.32231802,0.009533543,29
2021-07-23,0.51999164,0.34753934,0.13246903,-0.38752258,25
2021-07-24,0.693349,0.20071635,0.10593467,-0.58741426,4
2021-07-25,0.31404638,0.49522617,0.19072744,-0.12331892,7
2021-07-26,0.35489756,0.40593025,0.23917218,-0.11572537,38
2021-07-27,0.20221384,0.3454942,0.45229194,0.2500781,56
2021-07-28,0.2088954,0.26965004,0.5214546,0.31255916,85
2021-07-29,0.31049547,0.3093143,0.38019022,0.06969475,30
2021-07-30,0.45711836,0.17512129,0.36776036,-0.089357994,29
2021-07-31,0.49952745,0.34848464,0.1519879,-0.34753957,8
2021-08-01,0.42010278,0.3736565,0.20624074,-0.21386206,5
2021-08-02,0.37469688,0.3349639,0.29033923,-0.08435765,19
2021-08-03,0.32155156,0.52762645,0.15082198,-0.17072958,22
2021-08-04,0.25433758,0.49334168,0.2523208,-0.002016789,14
2021-08-05,0.39640215,0.29767877,0.3059191,-0.090483025,26
2021-08-06,0.513821,0.14084408,0.34533495,-0.16848604,34
2021-08-07,0.44223443,0.5013184,0.056447174,-0.38578728,11
2021-08-08,0.681643,0.24236153,0.075995415,-0.6056476,3
2021-08-09,0.43210027,0.14666326,0.4212365,-0.010863816,11
2021-08-10,0.26398134,0.5454677,0.19055098,-0.07343036,21
2021-08-11,0.38433555,0.4043583,0.21130614,-0.17302941,22
2021-08-12,0.20435984,0.37892422,0.41671595,0.21235612,21
2021-08-13,0.48001498,0.2091993,0.3107857,-0.16922925,25
2021-08-14,0.54941344,0.23529597,0.21529058,-0.33412284,10
2021-08-15,0.45757225,0.32482764,0.21760012,-0.23997213,4
2021-08-16,0.28686175,0.20028833,0.5128499,0.22598818,20
2021-08-17,0.5473731,0.21704955,0.23557733,-0.31179574,22
2021-08-18,0.2595213,0.26771235,0.47276637,0.21324503,17
2021-08-19,0.2632956,0.19195946,0.5447449,0.28144935,26
2021-08-20,0.29505256,0.35319808,0.3517494,0.056696866,26
2021-08-21,0.6800748,0.15581633,0.16410889,-0.51596594,5
2021-08-22,0.87093425,0.11470258,0.014363184,-0.8565711,2
2021-08-23,0.5801233,0.297258,0.12261866,-0.4575047,15
2021-08-24,0.36514258,0.2605601,0.37429732,0.009154692,20
2021-08-25,0.40928915,0.32216695,0.2685439,-0.14074527,26
2021-08-26,0.5232772,0.38150236,0.09522043,-0.42805684,13
2021-08-27,0.49417987,0.21319848,0.2926216,-0.20155826,31
2021-08-28,0.807312,0.0500802,0.14260775,-0.66470426,4
2021-08-29,0.5591447,0.08633178,0.3545236,-0.20462108,1
2021-08-30,0.37821117,0.408215,0.21357386,-0.1646373,35
2021-08-31,0.3339422,0.23654428,0.42951348,0.09557127,37
2021-09-01,0.46809554,0.30555004,0.22635442,-0.24174112,31
2021-09-02,0.37018898,0.33562675,0.29418424,-0.07600478,42
2021-09-03,0.32989848,0.1256067,0.5444948,0.21459635,17
2021-09-04,0.717632,0.041643195,0.24072485,-0.4769071,3
2021-09-05,0.38722515,0.49748322,0.115291566,-0.2719336,2
2021-09-06,0.5898967,0.38334298,0.026760334,-0.56313634,3
2021-09-07,0.4518624,0.35319543,0.19494215,-0.25692025,38
2021-09-08,0.44792974,0.30836666,0.24370359,-0.20422615,31
2021-09-09,0.4878714,0.33834922,0.17377938,-0.31409204,23
2021-09-10,0.33318466,0.18549533,0.48132005,0.14813536,68
2021-09-11,0.45789143,0.17083015,0.37127843,-0.086613,8
2021-09-12,0.3682571,0.118700854,0.51304203,0.1447849,14
2021-09-13,0.3457624,0.18536699,0.46887058,0.123108186,50
2021-09-14,0.38071957,0.26428092,0.3549995,-0.025720067,107
2021-09-15,0.3323927,0.32326886,0.34433845,0.011945741,46
2021-09-16,0.40427092,0.21231073,0.38341838,-0.020852506,26
2021-09-17,0.40980104,0.11396926,0.47622973,0.066428706,29
2021-09-18,0.52386427,0.055948712,0.42018706,-0.10367723,5
2021-09-19,0.76854163,0.056242578,0.1752158,-0.5933258,5
2021-09-20,0.29840448,0.2315241,0.47007143,0.17166692,36
2021-09-21,0.5213607,0.2562701,0.2223692,-0.29899153,27
2021-09-22,0.40864775,0.14602768,0.44532457,0.036676828,32
2021-09-23,0.33947584,0.26714718,0.39337695,0.053901114,40
2021-09-24,0.5482067,0.22747162,0.22432168,-0.32388505,10
2021-09-25,0.3587688,0.38090432,0.26032686,-0.098441936,6
2021-09-26,0.6212265,0.18959028,0.18918326,-0.43204322,4
2021-09-27,0.18976367,0.2569751,0.5532612,0.36349756,20
2021-09-28,0.39906907,0.26249045,0.33844048,-0.060628578,25
2021-09-29,0.4048293,0.1559183,0.4392524,0.034423124,21
2021-09-30,0.4900187,0.25465077,0.25533053,-0.23468816,14
2021-10-01,0.4549782,0.30860016,0.23642166,-0.21855652,19
2021-10-02,0.42096937,0.13814476,0.4408859,0.019916534,6
2021-10-03,0.53093934,0.1851094,0.28395125,-0.24698807,7
2021-10-04,0.3249864,0.1885128,0.4865008,0.16151439,28
2021-10-05,0.46584067,0.28745523,0.24670413,-0.21913652,33
2021-10-06,0.42287943,0.15674312,0.4203775,-0.002501926,17
2021-10-07,0.5050146,0.21454334,0.2804421,-0.22457251,19
2021-10-08,0.5198193,0.19648473,0.283696,-0.23612332,20
2021-10-09,0.37664145,0.034577217,0.58878136,0.21213993,5
2021-10-10,0.7764322,0.11718908,0.10637871,-0.6700535,2
2021-10-11,0.45359957,0.20197548,0.34442496,-0.10917461,16
2021-10-12,0.4525838,0.09192765,0.4554886,0.0029048016,33
2021-10-13,0.24915144,0.17934602,0.57150257,0.3223511,52
2021-10-14,0.3977419,0.35445967,0.2477984,-0.14994352,30
2021-10-15,0.40874365,0.16588524,0.4253711,0.016627472,28
2021-10-17,0.4677032,0.17679527,0.35550153,-0.112201646,5
2021-10-18,0.45039502,0.3129843,0.23662068,-0.21377434,55
2021-10-19,0.3922261,0.44586247,0.16191143,-0.23031466,41
2021-10-20,0.4858257,0.3408584,0.1733159,-0.31250978,16
2021-10-21,0.244016,0.16818202,0.587802,0.343786,34
2021-10-22,0.28399292,0.13351671,0.5824904,0.29849747,48
2021-10-23,0.24462542,0.22210754,0.5332671,0.28864163,8
2021-10-24,0.31625938,0.32558674,0.35815388,0.04189449,13
2021-10-25,0.27607825,0.2786653,0.4452564,0.16917819,37
2021-10-26,0.25805148,0.35779372,0.38415483,0.12610336,41
2021-10-27,0.2084415,0.51174384,0.27981466,0.07137315,36
2021-10-28,0.33571905,0.30468565,0.35959527,0.023876227,82
2021-10-29,0.22898403,0.18716155,0.58385444,0.35487038,119
2021-10-30,0.42016372,0.06329865,0.5165376,0.09637391,8
2021-10-31,0.2825397,0.3098578,0.4076025,0.12506278,8
2021-11-01,0.43251792,0.30853796,0.25894415,-0.17357373,28
2021-11-02,0.2524277,0.22016622,0.5274061,0.2749784,31
2021-11-03,0.3017127,0.4488522,0.24943511,-0.052277576,21
2021-11-04,0.54572576,0.25968722,0.19458702,-0.35113877,29
2021-11-05,0.38136193,0.23897757,0.3796605,-0.0017014311,18
2021-11-06,0.55760694,0.1797587,0.2626344,-0.29497254,8
2021-11-07,0.47713137,0.23906794,0.28380066,-0.19333072,4
2021-11-08,0.45981035,0.3916661,0.14852348,-0.3112869,14
2021-11-09,0.42333707,0.3243482,0.2523147,-0.17102237,19
2021-11-10,0.31703153,0.19846296,0.48450547,0.16747393,27
2021-11-11,0.4361667,0.3262381,0.2375952,-0.19857152,17
2021-11-12,0.4611712,0.24450336,0.2943254,-0.16684578,26
2021-11-13,0.15498541,0.33077028,0.5142443,0.35925892,6
2021-11-14,0.6750456,0.21951778,0.10543664,-0.5696089,5
2021-11-15,0.44270104,0.3302561,0.22704285,-0.21565819,13
2021-11-16,0.49052396,0.39616108,0.11331493,-0.37720904,29
2021-11-17,0.4437441,0.27661514,0.27964076,-0.16410334,30
2021-11-18,0.4859937,0.30730963,0.20669666,-0.27929705,32
2021-11-19,0.4220355,0.21028394,0.36768064,-0.054354846,44
2021-11-20,0.68791497,0.117247924,0.19483712,-0.4930778,5
2021-11-21,0.890753,0.075659595,0.033587366,-0.8571657,5
2021-11-22,0.49524754,0.21025506,0.2944974,-0.20075016,23
2021-11-23,0.31813806,0.13995853,0.5419034,0.22376533,25
2021-11-24,0.24837863,0.15855572,0.5930656,0.34468704,20
2021-11-25,0.6840301,0.22876443,0.08720545,-0.59682465,6
2021-11-26,0.4115417,0.18883254,0.39962578,-0.0119159,21
2021-11-27,0.8269065,0.12608923,0.047004275,-0.7799022,4
2021-11-28,0.55898964,0.18581852,0.25519186,-0.30379778,4
2021-11-29,0.3347482,0.46330297,0.20194879,-0.13279943,18
2021-11-30,0.29489273,0.24292856,0.46217868,0.16728598,25
2021-12-01,0.27087745,0.34973928,0.37938327,0.10850581,30
2021-12-02,0.1794235,0.2820357,0.53854084,0.35911736,60
2021-12-03,0.3742531,0.1593087,0.4664382,0.092185125,32
2021-12-04,0.7363847,0.093422055,0.1701932,-0.56619155,6
2021-12-05,0.8003475,0.05241984,0.14723264,-0.65311486,3
2021-12-06,0.36997825,0.30777642,0.3222453,-0.04773297,34
2021-12-07,0.33985612,0.41799632,0.24214756,-0.097708575,49
2021-12-08,0.30232573,0.40368497,0.29398933,-0.008336397,41
2021-12-09,0.24209818,0.34031913,0.41758272,0.17548451,33
2021-12-10,0.5308694,0.2515618,0.21756878,-0.31330067,21
2021-12-11,0.4748105,0.30249256,0.22269695,-0.25211355,10
2021-12-12,0.5720276,0.21025056,0.21772188,-0.35430574,6
2021-12-13,0.4156184,0.32562122,0.25876036,-0.15685801,56
2021-12-14,0.34716853,0.17745619,0.4753753,0.12820673,54
2021-12-15,0.46698973,0.2760871,0.25692317,-0.21006657,22
2021-12-16,0.21525547,0.18730481,0.5974397,0.38218424,32
2021-12-17,0.40051225,0.099755295,0.49973246,0.0992202,28
2021-12-18,0.6660727,0.31578478,0.018142506,-0.64793015,7
2021-12-19,0.28246397,0.048322078,0.6692139,0.38674998,7
2021-12-20,0.31782427,0.044594992,0.6375807,0.31975648,19
2021-12-21,0.3551934,0.46319556,0.18161099,-0.17358242,28
2021-12-22,0.367292,0.306593,0.32611498,-0.041177,28
2021-12-23,0.39731085,0.22762634,0.3750628,-0.022248058,15
2021-12-24,0.55747086,0.095899984,0.3466291,-0.21084176,11
2021-12-26,0.5710933,0.079193294,0.34971341,-0.22137992,3
2021-12-27,0.35176158,0.3192307,0.32900771,-0.02275386,23
2021-12-28,0.30039313,0.3901745,0.30943236,0.009039205,49
2021-12-29,0.30793458,0.24935898,0.44270644,0.13477182,32
2021-12-30,0.43949705,0.20595698,0.35454598,-0.08495112,28
2021-12-31,0.46147713,0.23656234,0.30196053,-0.1595166,13
2022-01-01,0.54231924,0.09911877,0.35856196,-0.18375729,6
2022-01-02,0.78226364,0.18798575,0.029750573,-0.75251305,2
2022-01-03,0.34345186,0.44659758,0.20995057,-0.13350132,36
2022-01-04,0.39336643,0.32349986,0.28313372,-0.11023269,38
2022-01-05,0.46588743,0.29751512,0.23659748,-0.22928995,25
2022-01-06,0.6122447,0.2640519,0.123703346,-0.48854142,26
2022-01-07,0.3947188,0.35585392,0.24942732,-0.14529148,34
2022-01-08,0.5667158,0.36375096,0.069533214,-0.4971826,4
2022-01-10,0.3505092,0.3049891,0.3445017,-0.0060074963,33
2022-01-11,0.49446294,0.36879423,0.13674285,-0.35772008,23
2022-01-12,0.4313502,0.4153149,0.1533349,-0.27801532,38
2022-01-13,0.53158283,0.1732261,0.2951911,-0.23639168,41
2022-01-14,0.46422482,0.35028827,0.18548693,-0.2787379,25
2022-01-15,0.7265165,0.14070025,0.13278326,-0.59373325,4
2022-01-16,0.4659727,0.5199558,0.014071462,-0.4519013,3
2022-01-17,0.50970083,0.15445258,0.33584657,-0.17385422,15
2022-01-18,0.512272,0.19751947,0.29020852,-0.22206351,39
2022-01-19,0.46908042,0.20799212,0.32292747,-0.14615296,32
2022-01-20,0.4082852,0.24961506,0.34209973,-0.06618549,39
2022-01-21,0.36732697,0.26311737,0.36955565,0.0022287015,42
2022-01-22,0.57008815,0.12575795,0.30415386,-0.2659343,9
2022-01-23,0.44268855,0.13089623,0.4264152,-0.01627336,10
2022-01-24,0.4311004,0.110695526,0.4582041,0.02710367,50
2022-01-25,0.38687837,0.26943275,0.34368885,-0.04318954,36
2022-01-26,0.34897578,0.28293788,0.3680863,0.019110523,36
2022-01-27,0.36645582,0.26653922,0.367005,0.00054917624,54
2022-01-28,0.22925772,0.30311567,0.4676266,0.2383689,83
2022-01-29,0.46516153,0.50413406,0.030704457,-0.43445706,2
2022-01-30,0.33047456,0.42280206,0.24672341,-0.08375115,5
2022-01-31,0.48004067,0.20779623,0.3121631,-0.16787757,43
2022-02-01,0.49246603,0.18480267,0.3227313,-0.1697347,38
2022-02-02,0.48583883,0.22323422,0.29092696,-0.19491188,40
2022-02-03,0.32590505,0.18326871,0.49082622,0.16492118,63
2022-02-04,0.2900799,0.3461154,0.3638047,0.07372481,43
2022-02-05,0.24992391,0.5392835,0.21079259,-0.039131347,7
2022-02-06,0.3661885,0.39301297,0.24079855,-0.12538992,13
2022-02-07,0.5391038,0.2082932,0.25260302,-0.28650075,40
2022-02-08,0.47701818,0.2552248,0.26775706,-0.20926112,44
2022-02-09,0.38015378,0.37766397,0.24218227,-0.13797149,47
2022-02-10,0.3165951,0.355444,0.32796085,0.011365756,33
2022-02-11,0.3554026,0.3022756,0.34232184,-0.013080744,26
2022-02-12,0.823943,0.16035551,0.015701465,-0.80824155,4
2022-02-13,0.21689987,0.049152017,0.73394805,0.5170482,6
2022-02-14,0.41427466,0.2907999,0.29492542,-0.119349256,27
2022-02-15,0.50905037,0.28028408,0.21066557,-0.2983848,21
2022-02-16,0.5088629,0.20749111,0.28364596,-0.22521697,36
2022-02-17,0.42900863,0.24875599,0.32223538,-0.10677328,37
2022-02-18,0.33776438,0.26541588,0.39681974,0.059055354,24
2022-02-19,0.7718207,0.20179291,0.026386367,-0.74543434,4
2022-02-20,0.6829005,0.12114889,0.19595057,-0.48694995,11
2022-02-21,0.36307508,0.18054552,0.45637938,0.093304284,23
2022-02-22,0.3389274,0.2615758,0.39949682,0.060569447,23
2022-02-23,0.31687662,0.17584997,0.50727344,0.1903968,27
2022-02-24,0.33170894,0.27880645,0.38948458,0.057775624,27
2022-02-25,0.44706446,0.29551777,0.25741774,-0.18964672,16
2022-02-26,0.44056433,0.21297498,0.34646064,-0.0941037,5
2022-02-27,0.37792474,0.27795613,0.3441191,-0.033805653,8
2022-02-28,0.37134624,0.19601092,0.43264285,0.06129658,29
2022-03-01,0.27264303,0.14377381,0.5835832,0.31094015,30
2022-03-02,0.29447863,0.3447012,0.36082017,0.066341534,45
2022-03-03,0.30743268,0.19332877,0.49923852,0.19180584,32
2022-03-04,0.3810813,0.20185807,0.4170606,0.03597928,36
2022-03-05,0.63915527,0.17034674,0.19049802,-0.4486572,7
2022-03-06,0.9076848,0.075943455,0.016371742,-0.8913131,1
2022-03-07,0.3681889,0.10836404,0.5234471,0.15525818,42
2022-03-08,0.3899188,0.24171948,0.36836174,-0.021557087,66
2022-03-09,0.40025076,0.35127276,0.24847648,-0.1517743,39
2022-03-10,0.5419826,0.19246343,0.26555395,-0.27642867,39
2022-03-11,0.37796205,0.14771965,0.4743183,0.09635624,29
2022-03-12,0.528692,0.31936777,0.15194018,-0.37675184,9
2022-03-13,0.37695238,0.06471751,0.5583301,0.18137777,3
2022-03-14,0.27158907,0.15490402,0.57350695,0.30191788,41
2022-03-15,0.29787484,0.24360229,0.45852286,0.16064803,30
2022-03-16,0.3282339,0.32037285,0.35139325,0.023159355,24
2022-03-17,0.41232705,0.30105576,0.2866172,-0.12570986,35
2022-03-18,0.32763115,0.44692704,0.22544183,-0.102189325,24
2022-03-19,0.38610455,0.11831618,0.49557924,0.1094747,7
2022-03-20,0.48647675,0.18493763,0.32858562,-0.15789114,7
2022-03-21,0.26940942,0.13072953,0.5998611,0.33045164,24
2022-03-22,0.38682342,0.3265931,0.28658345,-0.100239985,25
2022-03-23,0.39272735,0.4331516,0.17412102,-0.21860634,29
2022-03-24,0.45252103,0.2673907,0.28008828,-0.17243274,35
2022-03-25,0.4582694,0.26831067,0.27341998,-0.18484941,36
2022-03-26,0.2507454,0.29906765,0.45018694,0.19944154,7
2022-03-27,0.26419485,0.7012389,0.034566253,-0.2296286,4
2022-03-28,0.32583165,0.26877174,0.4053966,0.07956494,57
2022-03-29,0.3200508,0.45442685,0.22552235,-0.09452847,32
2022-03-30,0.31801224,0.3508515,0.33113623,0.013123982,51
2022-03-31,0.3730844,0.28000757,0.34690803,-0.026176367,39
2022-04-01,0.46524718,0.2766281,0.25812474,-0.20712242,37
2022-04-02,0.63808507,0.09608647,0.26582843,-0.37225664,6
2022-04-03,0.36218467,0.3671325,0.2706828,-0.09150187,7
2022-04-04,0.4095238,0.38501212,0.2054641,-0.20405969,30
2022-04-05,0.5366278,0.16996333,0.29340884,-0.243219,23
2022-04-06,0.38250408,0.15184872,0.46564725,0.08314317,27
2022-04-07,0.55556774,0.17961662,0.26481563,-0.2907521,23
2022-04-08,0.34740067,0.32117838,0.33142096,-0.015979715,26
2022-04-09,0.5774985,0.35702875,0.06547272,-0.5120258,2
2022-04-10,0.12470992,0.4386459,0.43664423,0.31193432,2
2022-04-11,0.31358758,0.24636729,0.44004512,0.12645753,36
2022-04-12,0.26875293,0.2909797,0.44026732,0.17151442,31
2022-04-13,0.5152033,0.29145098,0.1933457,-0.32185763,33
2022-04-14,0.34291235,0.33726957,0.3198181,-0.02309426,31
2022-04-15,0.2781882,0.16551375,0.556298,0.27810985,13
2022-04-16,0.24746516,0.023017377,0.72951746,0.48205227,5
2022-04-18,0.3476275,0.28232136,0.37005115,0.022423645,24
2022-04-19,0.37099656,0.16148318,0.4675202,0.09652365,29
2022-04-20,0.32575813,0.1390448,0.5351971,0.2094389,30
2022-04-21,0.3712515,0.21789274,0.41085574,0.03960424,31
2022-04-22,0.29308555,0.34106296,0.36585146,0.0727659,36
2022-04-23,0.6983912,0.036639735,0.26496908,-0.43342215,2
2022-04-24,0.16108164,0.028709415,0.8102089,0.6491273,5
2022-04-25,0.46286172,0.11887392,0.41826436,-0.04459736,29
2022-04-26,0.2853652,0.1190742,0.5955606,0.31019545,47
2022-04-27,0.2748275,0.26211157,0.4630609,0.1882334,37
2022-04-28,0.23840527,0.32564345,0.43595126,0.19754599,60
2022-04-29,0.2207056,0.1123698,0.6669246,0.44621897,77
2022-04-30,0.3577879,0.21833242,0.42387968,0.066091776,9
2022-05-01,0.10322643,0.23198254,0.66479105,0.56156456,4
2022-05-02,0.25774696,0.12844789,0.6138052,0.3560582,44
2022-05-03,0.42195135,0.27193618,0.3061124,-0.11583894,29
2022-05-04,0.42836794,0.28657615,0.28505594,-0.14331198,27
2022-05-05,0.45243496,0.09163077,0.4559343,0.0034993202,20
2022-05-06,0.44154918,0.134068,0.4243828,-0.017166361,24
2022-05-07,0.5039532,0.47623196,0.019814797,-0.4841384,4
2022-05-08,0.17600332,0.03800238,0.78599423,0.6099909,4
2022-05-09,0.32524168,0.14389238,0.5308659,0.20562425,30
2022-05-10,0.40535295,0.09989994,0.49474707,0.08939417,25
2022-05-11,0.48511693,0.07922928,0.43565384,-0.04946309,24
2022-05-12,0.2808645,0.16545257,0.5536829,0.2728184,48
2022-05-13,0.4298867,0.1088312,0.4612821,0.031395406,39
2022-05-14,0.298365,0.6867804,0.01485459,-0.28351042,6
2022-05-15,0.23451161,0.21304561,0.5524428,0.31793115,6
2022-05-16,0.42965552,0.15232037,0.41802412,-0.011631404,19
2022-05-17,0.41334647,0.27889884,0.3077547,-0.105591804,26
2022-05-18,0.38928992,0.14065298,0.4700571,0.08076716,29
2022-05-19,0.36492077,0.12340304,0.5116762,0.14675544,33
2022-05-20,0.40635085,0.2144398,0.37920934,-0.027141502,32
2022-05-21,0.08808854,0.36956954,0.5423419,0.45425335,6
2022-05-22,0.2268739,0.17630807,0.596818,0.3699441,8
2022-05-23,0.28830373,0.5156487,0.19604757,-0.09225614,33
2022-05-24,0.3484512,0.12684585,0.52470297,0.17625175,30
2022-05-25,0.41821423,0.17564806,0.4061377,-0.012076555,29
2022-05-26,0.33503097,0.27937233,0.38559666,0.05056572,44
2022-05-27,0.30976835,0.2894694,0.4007622,0.090993844,24
2022-05-28,0.25087377,0.70566106,0.043465156,-0.20740862,3
2022-05-29,0.7923198,0.16094297,0.04673726,-0.74558246,2
2022-05-30,0.48182458,0.18974525,0.32843012,-0.15339448,10
2022-05-31,0.37356025,0.21881236,0.40762734,0.03406709,16
2022-06-01,0.45767313,0.23744488,0.304882,-0.15279111,19
2022-06-02,0.44409525,0.18223113,0.37367356,-0.070421696,22
2022-06-03,0.33123136,0.08453752,0.5842311,0.25299975,31
2022-06-04,0.5679705,0.050854534,0.38117495,-0.18679553,6
2022-06-05,0.6018882,0.12199518,0.27611664,-0.32577154,9
2022-06-06,0.4256938,0.35531518,0.218991,-0.20670281,62
2022-06-07,0.42469448,0.22186658,0.35343894,-0.07125555,64
2022-06-08,0.41393808,0.27189928,0.31416264,-0.09977544,33
2022-06-09,0.4052599,0.07542203,0.51931804,0.11405816,40
2022-06-10,0.44772872,0.1733132,0.3789581,-0.06877064,48
2022-06-11,0.43678352,0.15410216,0.40911433,-0.027669176,14
2022-06-12,0.41532633,0.15821204,0.42646164,0.011135272,7
2022-06-13,0.32122144,0.1599753,0.51880324,0.19758183,31
2022-06-14,0.35981527,0.19390869,0.44627604,0.08646075,42
2022-06-15,0.3686015,0.23159842,0.39980006,0.031198528,40
2022-06-16,0.34147957,0.23988292,0.4186375,0.07715791,17
2022-06-17,0.36424652,0.24031124,0.39544222,0.031195726,26
2022-06-18,0.60729074,0.12858804,0.26412123,-0.34316948,4
2022-06-19,0.4340206,0.31838867,0.24759077,-0.18642986,12
2022-06-20,0.5139894,0.18759298,0.29841757,-0.21557185,13
2022-06-21,0.39286172,0.3644928,0.24264546,-0.15021627,27
2022-06-22,0.37981775,0.27769983,0.34248245,-0.037335314,19
2022-06-23,0.5171951,0.07988495,0.40291992,-0.11427521,28
2022-06-24,0.5257389,0.15832259,0.3159385,-0.2098004,28
2022-06-25,0.5314574,0.051535413,0.41700718,-0.114450276,6
2022-06-26,0.4262848,0.31494862,0.25876662,-0.16751814,8
2022-06-27,0.5006759,0.10434155,0.39498252,-0.105693385,30
2022-06-28,0.4213295,0.22018747,0.35848302,-0.062846474,37
2022-06-29,0.49420297,0.1660013,0.3397957,-0.15440728,39
2022-06-30,0.42622736,0.11829198,0.45548066,0.02925331,44
2022-07-01,0.4233086,0.20353281,0.37315857,-0.05015004,35
2022-07-02,0.44142565,0.2525722,0.3060021,-0.13542354,6
2022-07-03,0.8016297,0.048942897,0.14942738,-0.6522023,2
2022-07-04,0.4699166,0.26665476,0.26342866,-0.20648797,6
2022-07-05,0.36020073,0.18781066,0.4519886,0.09178782,28
2022-07-06,0.44341773,0.18332772,0.37325457,-0.07016314,29
2022-07-07,0.5163329,0.24717465,0.2364924,-0.27984056,28
2022-07-08,0.45724052,0.1854001,0.35735935,-0.099881135,20
2022-07-09,0.6949583,0.25514,0.04990161,-0.6450567,5
2022-07-10,0.3270301,0.23676157,0.43620828,0.109178185,3
2022-07-11,0.3326854,0.17870992,0.4886047,0.15591924,33
2022-07-12,0.38284072,0.16648464,0.45067465,0.06783394,27
2022-07-13,0.38010934,0.1683347,0.45155603,0.07144669,25
2022-07-14,0.40014216,0.2151774,0.3846804,-0.0154618025,25
2022-07-15,0.41419613,0.15298077,0.43282306,0.018626925,18
2022-07-16,0.4767755,0.07111567,0.4521088,-0.024666691,5
2022-07-17,0.5609644,0.20850098,0.23053463,-0.33042976,5
2022-07-18,0.3626431,0.167789,0.46956787,0.106924795,40
2022-07-19,0.26079553,0.20082566,0.53837883,0.2775833,53
2022-07-20,0.3820397,0.19523908,0.42272124,0.04068152,40
2022-07-21,0.28557304,0.23656082,0.47786614,0.19229311,31
2022-07-22,0.3622077,0.20842831,0.42936397,0.067156255,34
2022-07-23,0.6736424,0.084087454,0.24227019,-0.43137217,3
2022-07-24,0.39104185,0.31619668,0.29276147,-0.098280385,16
2022-07-25,0.40145305,0.18008912,0.4184578,0.017004743,58
2022-07-26,0.30737713,0.2819382,0.4106847,0.1033076,30
2022-07-27,0.2623084,0.1524054,0.5852862,0.32297784,33
2022-07-28,0.19527635,0.34995413,0.45476955,0.25949317,56
2022-07-29,0.2326534,0.48939493,0.2779517,0.04529828,70
2022-07-30,0.46206346,0.050077364,0.4878592,0.025795728,2
2022-07-31,0.261334,0.24679427,0.49187174,0.23053777,10
2022-08-01,0.40917218,0.20884238,0.38198546,-0.027186705,34
2022-08-02,0.48083556,0.2012522,0.31791222,-0.16292334,18
2022-08-03,0.3218268,0.40082964,0.27734357,-0.044483185,26
2022-08-04,0.5555491,0.2174735,0.22697738,-0.32857174,16
2022-08-05,0.37436706,0.2601,0.3655329,-0.008834138,22
2022-08-06,0.4517599,0.2509014,0.2973387,-0.15442123,11
2022-08-07,0.51545745,0.40857026,0.075972326,-0.4394851,7
2022-08-08,0.3115871,0.43206972,0.2563432,-0.055243887,20
2022-08-09,0.4152151,0.26778355,0.31700137,-0.098213725,38
2022-08-10,0.4008862,0.32122645,0.27788734,-0.12299887,26
2022-08-11,0.38571885,0.23289834,0.38138276,-0.004336113,22
2022-08-12,0.3183463,0.4003213,0.2813324,-0.037013896,32
2022-08-13,0.43746957,0.54738945,0.015141017,-0.42232856,2
2022-08-14,0.5675112,0.25836086,0.17412795,-0.39338323,6
2022-08-15,0.3904023,0.3048626,0.30473512,-0.08566715,39
2022-08-16,0.3196572,0.20956723,0.47077554,0.15111835,42
2022-08-17,0.4205071,0.19223419,0.38725874,-0.033248372,28
2022-08-18,0.4019752,0.19002649,0.4079983,0.006023079,26
2022-08-19,0.44238907,0.14183162,0.4157793,-0.026609741,25
2022-08-20,0.6639171,0.30951163,0.02657128,-0.63734585,6
2022-08-21,0.44965905,0.1930186,0.3573223,-0.09233676,10
2022-08-22,0.43542087,0.11340693,0.4511722,0.015751347,24
2022-08-23,0.32517642,0.34691483,0.3279087,0.0027322723,26
2022-08-24,0.56208,0.2028754,0.23504455,-0.3270355,40
2022-08-25,0.3911398,0.30909893,0.29976124,-0.09137861,14
2022-08-26,0.5056449,0.20144325,0.2929118,-0.21273313,26
2022-08-27,0.14596416,0.43339443,0.42064142,0.27467725,6
2022-08-28,0.5586728,0.091192484,0.35013467,-0.20853814,8
2022-08-29,0.37912193,0.18101126,0.4398668,0.060744915,34
2022-08-30,0.30080122,0.11322102,0.58597773,0.28517652,17
2022-08-31,0.29375345,0.07764582,0.6286008,0.33484733,18
2022-09-01,0.36229873,0.19982155,0.43787974,0.07558103,27
2022-09-02,0.54336745,0.20438272,0.25224984,-0.2911176,33
2022-09-03,0.75395685,0.13783038,0.1082128,-0.645744,8
2022-09-04,0.57072055,0.39091548,0.03836402,-0.5323565,7
2022-09-05,0.321056,0.18920147,0.48974252,0.16868651,17
2022-09-06,0.3457034,0.20167509,0.45262152,0.10691811,32
2022-09-07,0.4240664,0.31052166,0.2654119,-0.1586545,68
2022-09-08,0.47121513,0.23299848,0.2957864,-0.17542872,59
2022-09-09,0.48954132,0.27511892,0.2353397,-0.25420162,39
2022-09-10,0.66054046,0.21298921,0.12647033,-0.53407013,10
2022-09-11,0.59054,0.39445373,0.015006273,-0.57553375,3
2022-09-12,0.36708224,0.50216603,0.1307517,-0.23633054,32
2022-09-13,0.34751093,0.28181916,0.37066993,0.023158994,36
2022-09-14,0.42737523,0.24912539,0.32349938,-0.10387589,31
2022-09-15,0.5162633,0.24679638,0.2369403,-0.279323,34
2022-09-16,0.26494798,0.14108305,0.593969,0.32902104,24
2022-09-17,0.89916134,0.073821254,0.027017355,-0.87214404,6
2022-09-18,0.3918612,0.06455519,0.54358363,0.15172242,3
2022-09-19,0.44955027,0.21441315,0.33603656,-0.11351371,17
2022-09-20,0.29638556,0.29040435,0.4132101,0.116824575,35
2022-09-21,0.4313503,0.3876005,0.1810492,-0.2503011,18
2022-09-22,0.5625157,0.15938054,0.27810377,-0.2844119,30
2022-09-23,0.42712638,0.18115693,0.39171672,-0.035409667,34
2022-09-25,0.4469475,0.27102566,0.2820269,-0.16492055,5
2022-09-26,0.3148019,0.24233496,0.44286314,0.12806125,42
2022-09-27,0.39328954,0.17799686,0.42871362,0.035424083,16
2022-09-28,0.28648576,0.18408082,0.5294334,0.24294765,50
2022-09-29,0.28549373,0.110041216,0.60446507,0.3189713,37
2022-09-30,0.3262621,0.15402843,0.51970947,0.1934474,40
2022-10-01,0.64752173,0.09095958,0.26151866,-0.3860031,8
2022-10-02,0.62869036,0.10999311,0.26131657,-0.3673738,4
2022-10-03,0.40739694,0.12087872,0.47172433,0.0643274,21
2022-10-04,0.44697168,0.3153241,0.2377042,-0.2092675,37
2022-10-05,0.498774,0.18711098,0.31411502,-0.18465896,25
2022-10-06,0.42511806,0.102927335,0.4719546,0.046836566,30
2022-10-07,0.3813133,0.24004616,0.37864056,-0.002672746,22
2022-10-08,0.55118424,0.18415527,0.26466048,-0.28652373,8
2022-10-09,0.6050011,0.06592146,0.32907745,-0.27592367,11
2022-10-10,0.38316903,0.06753194,0.549299,0.16612998,28
2022-10-11,0.33325496,0.20698665,0.45975837,0.1265034,24
2022-10-12,0.48564085,0.21961118,0.29474798,-0.1908929,28
2022-10-13,0.54630935,0.19731824,0.2563724,-0.289937,29
2022-10-14,0.4160621,0.26330465,0.32063326,-0.09542883,15
2022-10-15,0.73681253,0.13137937,0.1318081,-0.60500443,8
2022-10-16,0.6426422,0.07783889,0.27951887,-0.36312336,7
2022-10-17,0.3584574,0.27065134,0.37089127,0.012433901,20
2022-10-18,0.40175745,0.26715338,0.3310892,-0.07066827,34
2022-10-19,0.25219578,0.12188842,0.62591577,0.37372,19
2022-10-20,0.33903515,0.32253924,0.3384256,-0.00060958666,12
2022-10-21,0.4278315,0.26657072,0.30559778,-0.12223375,39
2022-10-22,0.54590553,0.11382893,0.3402656,-0.20563991,3
2022-10-23,0.49857828,0.32958356,0.17183818,-0.32674012,7
2022-10-24,0.35401207,0.2951977,0.35079023,-0.003221849,32
2022-10-25,0.31652194,0.21671775,0.4667603,0.15023838,39
2022-10-26,0.38675198,0.18777382,0.42547417,0.0387222,28
2022-10-27,0.20170501,0.17249899,0.625796,0.424091,41
2022-10-28,0.2932935,0.33222246,0.37448406,0.081190564,65
2022-10-29,0.76020336,0.06154287,0.17825378,-0.58194953,6
2022-10-30,0.21977866,0.01764055,0.7625808,0.54280216,6
2022-10-31,0.26502496,0.14502925,0.5899458,0.32492083,50
2022-11-01,0.37888572,0.1658656,0.45524865,0.076362945,23
2022-11-02,0.30701047,0.13614784,0.5568417,0.2498312,27
2022-11-03,0.33349088,0.14303254,0.52347654,0.18998569,23
2022-11-04,0.41220477,0.19912857,0.38866666,-0.023538107,24
2022-11-05,0.36573213,0.20543471,0.4288332,0.06310105,5
2022-11-06,0.24382773,0.04425031,0.711922,0.46809426,10
2022-11-07,0.15067822,0.14634512,0.70297664,0.5522984,62
2022-11-08,0.3260775,0.22277823,0.45114425,0.12506676,25
2022-11-09,0.35396534,0.056139685,0.589895,0.23592967,21
2022-11-10,0.3303159,0.17924553,0.49043855,0.16012271,39
2022-11-11,0.36237907,0.21760002,0.4200209,0.057641834,20
2022-11-12,0.41330764,0.10066581,0.48602656,0.07271892,2
2022-11-13,0.831538,0.059185844,0.10927621,-0.7222618,5
2022-11-14,0.34132302,0.093703255,0.5649738,0.22365072,26
2022-11-15,0.65879357,0.13152067,0.20968574,-0.44910783,26
2022-11-16,0.5544312,0.18250608,0.26306275,-0.29136845,22
2022-11-17,0.38953853,0.2505921,0.35986933,-0.029669164,14
2022-11-18,0.4164388,0.2607889,0.3227723,-0.09366654,26
2022-11-19,0.4596518,0.101947196,0.43840098,-0.021250809,9
2022-11-20,0.7613692,0.08806904,0.1505617,-0.61080754,8
2022-11-21,0.5052755,0.17502366,0.31970084,-0.18557465,19
2022-11-22,0.51855665,0.22855255,0.25289083,-0.26566583,23
2022-11-23,0.21790184,0.13184972,0.6502484,0.43234655,31
2022-11-24,0.37217864,0.051729485,0.5760919,0.20391327,18
2022-11-25,0.33267415,0.16613969,0.50118613,0.16851203,33
2022-11-26,0.51514274,0.19571695,0.2891403,-0.22600244,11
2022-11-27,0.7407924,0.17578396,0.083423726,-0.6573686,5
2022-11-28,0.21459208,0.078708395,0.7066995,0.49210742,52
2022-11-29,0.15003087,0.102445215,0.7475239,0.59749305,64
2022-11-30,0.3869308,0.12942794,0.48364127,0.09671044,52
2022-12-01,0.41515368,0.10508339,0.47976294,0.06460925,38
2022-12-02,0.40277007,0.15946539,0.43776453,0.034994423,26
2022-12-03,0.6504452,0.082835525,0.26671922,-0.38372606,9
2022-12-04,0.46679035,0.21356542,0.31964424,-0.14714614,13
2022-12-05,0.39914253,0.16524306,0.43561444,0.036471896,35
2022-12-06,0.42539263,0.2319685,0.34263885,-0.0827538,43
2022-12-07,0.37235707,0.097464405,0.5301785,0.15782146,43
2022-12-08,0.35268986,0.18448223,0.46282795,0.11013809,22
2022-12-09,0.34488794,0.09257547,0.5625366,0.21764867,24
2022-12-10,0.62736714,0.10100697,0.27162594,-0.3557412,4
2022-12-11,0.59590155,0.066488616,0.33760986,-0.25829166,10
2022-12-12,0.36996877,0.14238593,0.4876453,0.11767653,16
2022-12-13,0.3865662,0.3290033,0.2844305,-0.10213569,27
2022-12-14,0.41444036,0.09509648,0.49046314,0.076022774,16
2022-12-15,0.3447202,0.07557076,0.579709,0.23498882,21
2022-12-16,0.48269653,0.11549836,0.4018051,-0.08089146,22
2022-12-17,0.6066272,0.1965342,0.1968386,-0.4097886,6
2022-12-18,0.65145475,0.038776506,0.3097688,-0.34168592,5
2022-12-19,0.35847643,0.22144796,0.42007563,0.061599173,23
2022-12-20,0.43828803,0.1431556,0.41855636,-0.019731658,20
2022-12-21,0.3897421,0.13968435,0.47057354,0.080831446,24
2022-12-22,0.5621094,0.17028825,0.26760238,-0.29450703,21
2022-12-23,0.5146626,0.0910322,0.39430517,-0.12035748,13
2022-12-24,0.757758,0.04410884,0.1981331,-0.55962497,5
2022-12-25,0.547084,0.1406965,0.31221956,-0.23486438,8
2022-12-26,0.46627092,0.1209019,0.4128272,-0.053443734,11
2022-12-27,0.2597524,0.15989532,0.5803523,0.32059994,27
2022-12-28,0.39834,0.1511075,0.45055252,0.05221253,27
2022-12-29,0.230063,0.25047547,0.5194615,0.28939852,29
2022-12-30,0.3750491,0.17843951,0.44651136,0.07146225,22
2022-12-31,0.3821492,0.10763648,0.5102143,0.12806512,6
2023-01-01,0.6650041,0.062943175,0.2720527,-0.39295137,4
2023-01-02,0.453482,0.2801708,0.2663472,-0.1871348,9
2023-01-03,0.31365874,0.13300934,0.553332,0.23967318,40
2023-01-04,0.2811833,0.14442047,0.5743962,0.2932129,42
2023-01-05,0.28974247,0.0833146,0.62694293,0.33720043,25
2023-01-06,0.35711294,0.24437824,0.39850882,0.041395873,20
2023-01-07,0.50715977,0.27192026,0.22091997,-0.2862398,8
2023-01-08,0.59198684,0.271038,0.13697515,-0.45501167,5
2023-01-09,0.41291434,0.18540479,0.4016809,-0.011233449,33
2023-01-10,0.36324984,0.2269015,0.40984866,0.046598807,34
2023-01-11,0.5170739,0.20307352,0.27985254,-0.23722139,35
2023-01-12,0.47724992,0.23203364,0.29071647,-0.18653344,26
2023-01-13,0.47078526,0.17037795,0.3588368,-0.11194844,24
2023-01-14,0.74786836,0.15429386,0.09783775,-0.6500307,11
2023-01-15,0.7711132,0.1636529,0.065233886,-0.7058794,6
2023-01-16,0.54992795,0.11809638,0.33197567,-0.2179523,9
2023-01-17,0.4884221,0.19937341,0.31220448,-0.17621765,39
2023-01-18,0.53056747,0.1947918,0.27464074,-0.2559267,37
2023-01-19,0.27160752,0.24112736,0.4872651,0.21565758,11
2023-01-20,0.38510445,0.06271463,0.5521809,0.16707644,17
2023-01-21,0.6921461,0.19758566,0.11026821,-0.58187795,10
2023-01-22,0.68846667,0.04373842,0.2677949,-0.42067164,5
2023-01-23,0.54535496,0.3220808,0.13256426,-0.41279072,28
2023-01-24,0.47699547,0.28197446,0.24103008,-0.23596539,22
2023-01-25,0.3688341,0.24764366,0.3835222,0.014688083,15
2023-01-26,0.34560934,0.15941405,0.4949766,0.14936729,16
2023-01-27,0.45239773,0.16200732,0.38559496,-0.06680277,25
2023-01-28,0.48609042,0.036125045,0.47778448,-0.008305937,2
2023-01-29,0.46017614,0.16362263,0.37620118,-0.08397496,12
2023-01-30,0.30182308,0.1883204,0.5098565,0.20803344,53
2023-01-31,0.29156247,0.23389281,0.47454473,0.18298227,33
2023-02-01,0.35897222,0.24363531,0.39739242,0.038420226,35
2023-02-02,0.22353369,0.1625197,0.6139466,0.39041293,59
2023-02-03,0.23390819,0.097081944,0.66900986,0.43510166,73
2023-02-04,0.54544026,0.07402282,0.38053694,-0.16490333,5
2023-02-05,0.21984962,0.32233387,0.4578165,0.2379669,7
2023-02-06,0.31280538,0.1868844,0.50031024,0.18750483,20
2023-02-07,0.5088055,0.24160153,0.24959299,-0.25921255,18
2023-02-08,0.36163875,0.269625,0.36873627,0.0070975027,24
2023-02-09,0.5273044,0.28256637,0.1901292,-0.33717522,13
2023-02-10,0.5812183,0.22796305,0.19081862,-0.3903997,21
2023-02-11,0.6667562,0.18278451,0.15045929,-0.5162969,7
2023-02-12,0.6373435,0.09964,0.26301646,-0.37432706,8
2023-02-13,0.5637669,0.32611063,0.1101225,-0.45364437,14
2023-02-14,0.28295895,0.22766669,0.48937434,0.20641539,23
2023-02-15,0.5548831,0.18911916,0.25599775,-0.29888538,26
2023-02-16,0.41228715,0.19789743,0.38981542,-0.022471761,18
2023-02-17,0.6169133,0.17453589,0.2085508,-0.40836254,16
2023-02-18,0.539699,0.41406536,0.04623568,-0.4934633,6
2023-02-19,0.5665819,0.1899122,0.24350592,-0.32307592,9
2023-02-20,0.57692605,0.19714779,0.22592615,-0.35099992,12
2023-02-21,0.31564677,0.079097,0.6052562,0.2896095,13
2023-02-22,0.48436478,0.25476307,0.26087216,-0.22349261,16
2023-02-23,0.6337586,0.28644753,0.079793885,-0.55396473,18
2023-02-24,0.65357226,0.17224249,0.17418529,-0.47938693,19
2023-02-25,0.7297162,0.19852468,0.07175912,-0.6579571,7
2023-02-26,0.62028164,0.11325891,0.2664594,-0.35382223,5
2023-02-27,0.48114464,0.23196068,0.28689468,-0.19424994,21
2023-02-28,0.5186346,0.10427532,0.37709007,-0.14154454,23
2023-03-01,0.570037,0.08570768,0.3442553,-0.2257817,21
2023-03-02,0.39500162,0.24138956,0.3636088,-0.031392798,23
2023-03-03,0.50086135,0.2540207,0.24511798,-0.25574332,34
2023-03-04,0.5066042,0.27078992,0.2226059,-0.2839983,10
2023-03-05,0.56374586,0.13137159,0.30488256,-0.25886327,10
2023-03-06,0.30780983,0.29889327,0.3932969,0.085487075,43
2023-03-07,0.4213219,0.20897298,0.3697051,-0.05161678,16
2023-03-08,0.52561617,0.2397634,0.23462039,-0.29099584,17
2023-03-09,0.5757292,0.17457227,0.2496985,-0.3260307,22
2023-03-10,0.35703442,0.063650005,0.57931554,0.22228113,20
2023-03-11,0.8679687,0.07560523,0.056426156,-0.8115425,5
2023-03-12,0.6985482,0.2858102,0.015641605,-0.68290657,7
2023-03-13,0.47137368,0.17564121,0.3529851,-0.118388586,22
2023-03-14,0.51053184,0.07349713,0.41597098,-0.09456086,15
2023-03-15,0.40845004,0.15167727,0.43987265,0.031422626,22
2023-03-16,0.5481497,0.24201225,0.20983802,-0.33831173,27
2023-03-17,0.624029,0.24005824,0.1359128,-0.48811615,16
2023-03-18,0.91944903,0.05351873,0.02703221,-0.89241683,7
2023-03-19,0.8006512,0.14138624,0.057962574,-0.7426886,8
2023-03-20,0.4657179,0.2631261,0.27115598,-0.19456193,4
2023-03-21,0.62468094,0.22432828,0.15099077,-0.47369018,15
2023-03-22,0.58335346,0.20404808,0.21259843,-0.37075505,15
2023-03-23,0.428996,0.26608554,0.30491847,-0.12407753,37
2023-03-24,0.48750472,0.3054501,0.2070452,-0.28045952,20
2023-03-25,0.59876734,0.123454124,0.27777857,-0.32098877,8
2023-03-26,0.6708083,0.29831854,0.030873138,-0.6399352,7
2023-03-27,0.39033365,0.22270046,0.3869659,-0.0033677495,13
2023-03-28,0.5496834,0.1679956,0.28232104,-0.26736236,21
2023-03-29,0.5477986,0.24643385,0.20576759,-0.34203097,25
2023-03-30,0.52931577,0.19349515,0.27718905,-0.25212675,25
2023-03-31,0.54099417,0.21928275,0.23972309,-0.3012711,28
2023-04-01,0.4969142,0.3942281,0.108857706,-0.3880565,5
2023-04-02,0.7902122,0.1080674,0.101720415,-0.6884918,6
2023-04-03,0.49015218,0.15683037,0.35301745,-0.13713478,22
2023-04-04,0.63001543,0.23943591,0.13054869,-0.49946675,20
2023-04-05,0.49664536,0.287994,0.21536066,-0.2812847,32
2023-04-06,0.6173647,0.24032572,0.14230958,-0.47505513,25
2023-04-07,0.7229178,0.10526372,0.1718185,-0.5510993,8
2023-04-08,0.5474023,0.084240794,0.3683569,-0.17904544,7
2023-04-09,0.65813106,0.19479741,0.14707153,-0.5110595,7
2023-04-10,0.27501604,0.14269282,0.5822911,0.30727506,32
2023-04-11,0.46380273,0.21675657,0.31944066,-0.14436206,22
2023-04-12,0.3638779,0.18039578,0.45572633,0.091848426,22
2023-04-13,0.39975923,0.35237998,0.24786077,-0.15189846,30
2023-04-14,0.4868852,0.22156933,0.29154545,-0.19533974,15
2023-04-15,0.3387994,0.30430824,0.3568924,0.018093046,5
2023-04-16,0.5450622,0.1834953,0.2714425,-0.27361968,13
2023-04-17,0.55850583,0.25205705,0.18943714,-0.36906868,43
2023-04-18,0.53649527,0.31715304,0.1463517,-0.39014357,37
2023-04-19,0.51175433,0.17999919,0.30824652,-0.20350778,28
2023-04-20,0.50706285,0.3036534,0.18928373,-0.31777915,19
2023-04-21,0.5414138,0.3050625,0.15352368,-0.38789013,21
2023-04-22,0.41813797,0.3284819,0.2533801,-0.16475788,4
2023-04-23,0.72756356,0.23485956,0.037576854,-0.68998677,7
2023-04-24,0.4903881,0.16574197,0.34386995,-0.14651811,17
2023-04-25,0.39005718,0.17466043,0.43528235,0.045225173,19
2023-04-26,0.56477565,0.12863788,0.3065864,-0.25818923,15
2023-04-27,0.32404163,0.29508656,0.38087177,0.056830138,14
2023-04-28,0.46874374,0.30498403,0.22627224,-0.24247149,14
2023-04-29,0.73848903,0.12865874,0.13285226,-0.6056368,5
2023-04-30,0.433314,0.28702715,0.27965882,-0.1536552,12
2023-05-01,0.3687568,0.273286,0.35795715,-0.010799666,24
2023-05-02,0.45791012,0.18841381,0.35367605,-0.104234084,23
2023-05-03,0.44254938,0.25150532,0.30594534,-0.13660404,30
2023-05-04,0.27086142,0.26541921,0.46371937,0.19285795,54
2023-05-05,0.26379544,0.4727661,0.2634385,-0.0003569126,68
2023-05-06,0.6366169,0.25778785,0.10559527,-0.5310216,12
2023-05-07,0.5464628,0.24708562,0.20645161,-0.34001118,5
2023-05-08,0.51778066,0.27832663,0.2038927,-0.31388798,19
2023-05-09,0.5103307,0.23097736,0.25869203,-0.25163865,19
2023-05-10,0.47088754,0.16934773,0.3597647,-0.11112286,19
2023-05-11,0.43496433,0.24452,0.3205157,-0.11444863,20
2023-05-12,0.40878516,0.2511039,0.34011093,-0.068674244,16
2023-05-13,0.2924742,0.06371338,0.6438124,0.35133824,3
2023-05-14,0.8390732,0.08472353,0.07620323,-0.76286995,5
2023-05-15,0.45463118,0.25107166,0.29429716,-0.16033402,14
2023-05-16,0.6191406,0.21767811,0.16318126,-0.45595935,14
2023-05-17,0.61344635,0.2630934,0.123460226,-0.48998615,24
2023-05-18,0.52887887,0.3020033,0.16911784,-0.35976103,23
2023-05-19,0.4824593,0.1911828,0.32635787,-0.1561014,25
2023-05-20,0.61333007,0.053870726,0.33279923,-0.28053078,3
2023-05-21,0.67205906,0.091887884,0.23605306,-0.43600598,9
2023-05-22,0.3978036,0.17264599,0.42955038,0.031746816,26
2023-05-23,0.49378392,0.16000122,0.34621486,-0.14756906,8
2023-05-24,0.6987684,0.1626386,0.13859305,-0.5601753,4
2023-05-25,0.3634184,0.26695552,0.3696261,0.006207679,7
2023-05-26,0.2804601,0.47862306,0.24091688,-0.03954321,4
2023-05-27,0.8879195,0.10104224,0.011038297,-0.8768812,1
2023-05-28,0.52806425,0.2667839,0.20515183,-0.32291242,5
2023-05-29,0.6214007,0.24462771,0.13397159,-0.48742914,3
2023-05-30,0.55700195,0.22735009,0.2156479,-0.34135407,10
2023-05-31,0.51676303,0.30656716,0.17666979,-0.34009326,23
2023-06-01,0.41398847,0.3796908,0.20632072,-0.20766775,34
2023-06-02,0.48978922,0.30581814,0.20439266,-0.28539655,46
2023-06-03,0.7141123,0.23829232,0.047595415,-0.6665169,9
2023-06-04,0.7491723,0.15375343,0.097074226,-0.6520981,11
2023-06-05,0.42558756,0.34277108,0.23164135,-0.19394618,88
2023-06-06,0.47699723,0.21803212,0.30497065,-0.17202659,78
2023-06-07,0.5046592,0.32298633,0.17235453,-0.33230463,28
2023-06-08,0.56053495,0.28704953,0.15241554,-0.4081194,32
2023-06-09,0.5978335,0.19918104,0.20298542,-0.3948481,19
2023-06-10,0.5567169,0.23002863,0.21325442,-0.34346253,5
2023-06-11,0.7136167,0.26173884,0.024644438,-0.6889723,5
2023-06-12,0.51229626,0.38740727,0.100296475,-0.41199976,15
2023-06-13,0.27538222,0.3561678,0.36845,0.093067735,40
2023-06-14,0.3978472,0.28470987,0.31744295,-0.08040426,31
2023-06-15,0.4803979,0.3359088,0.1836933,-0.29670462,15
2023-06-16,0.6055739,0.24506429,0.1493618,-0.4562121,15
2023-06-17,0.6109012,0.18174791,0.20735091,-0.40355027,6
2023-06-18,0.76626563,0.117291056,0.11644326,-0.6498224,8
2023-06-19,0.62282044,0.18568206,0.19149749,-0.43132296,6
2023-06-20,0.44949207,0.37718192,0.17332599,-0.27616608,19
2023-06-21,0.55714244,0.23873341,0.20412412,-0.35301834,20
2023-06-22,0.48184058,0.33008423,0.18807516,-0.29376543,11
2023-06-23,0.48951906,0.27676302,0.23371795,-0.2558011,20
2023-06-24,0.61099464,0.33413887,0.054866523,-0.5561281,6
2023-06-25,0.3494397,0.48918825,0.16137205,-0.18806764,9
2023-06-26,0.3549086,0.16320467,0.48188677,0.12697819,20
2023-06-27,0.2650895,0.3726432,0.3622673,0.09717776,15
2023-06-28,0.33094272,0.39205742,0.27699986,-0.05394285,25
2023-06-29,0.24309398,0.43503097,0.32187504,0.078781046,30
2023-06-30,0.22176774,0.5329111,0.24532112,0.023553379,61
2023-07-01,0.3789524,0.1511395,0.46990803,0.09095561,6
2023-07-02,0.25019085,0.5083311,0.24147803,-0.008712848,9
2023-07-03,0.19816305,0.42895845,0.3728785,0.17471546,29
2023-07-04,0.53993595,0.120238505,0.3398255,-0.20011047,10
2023-07-05,0.39071417,0.1954496,0.4138362,0.023122078,22
2023-07-06,0.37052378,0.3580728,0.27140343,-0.099120356,12
2023-07-07,0.49956262,0.19765165,0.30278572,-0.1967769,19
2023-07-08,0.46222794,0.31263632,0.22513574,-0.23709218,6
2023-07-09,0.5902484,0.38159978,0.028151834,-0.56209654,3
2023-07-10,0.2633983,0.4131066,0.3234951,0.06009679,19
2023-07-11,0.27713057,0.28545058,0.43741885,0.16028821,28
2023-07-12,0.3429566,0.34343833,0.31360504,-0.029351557,10
2023-07-13,0.45261064,0.25707555,0.2903138,-0.16229685,16
2023-07-14,0.60948443,0.36167723,0.028838357,-0.58064604,18
2023-07-15,0.6070865,0.3309513,0.061962217,-0.5451243,6
2023-07-16,0.35093403,0.2958806,0.35318542,0.0022514064,6
2023-07-17,0.32131693,0.42023194,0.2584511,-0.06286581,23
2023-07-18,0.36561862,0.40440205,0.22997934,-0.13563928,17
2023-07-19,0.5387128,0.27110857,0.19017863,-0.3485342,22
2023-07-20,0.34775656,0.38046917,0.27177423,-0.07598232,18
2023-07-21,0.50857717,0.34917048,0.14225233,-0.36632484,17
2023-07-22,0.47470337,0.5051507,0.02014592,-0.45455748,2
2023-07-23,0.39297187,0.28634965,0.32067847,-0.07229341,6
2023-07-24,0.34067708,0.33126885,0.32805407,-0.01262305,22
2023-07-25,0.37540048,0.31020895,0.31439057,-0.06100993,21
2023-07-26,0.48864666,0.36101404,0.15033932,-0.33830732,21
2023-07-27,0.47261783,0.34534943,0.18203276,-0.29058507,17
2023-07-28,0.48968932,0.33228657,0.17802414,-0.31166515,28
2023-07-29,0.5277701,0.22623536,0.24599457,-0.28177553,5
2023-07-30,0.34572804,0.43472642,0.21954551,-0.12618251,11
2023-07-31,0.393098,0.38717544,0.21972653,-0.17337148,36
2023-08-01,0.35041738,0.33057362,0.31900898,-0.03140842,17
2023-08-02,0.4988197,0.24098553,0.26019472,-0.23862499,18
2023-08-03,0.15521939,0.19967236,0.6451082,0.48988885,44
2023-08-04,0.1858611,0.113130376,0.70100856,0.51514745,44
2023-08-05,0.60634214,0.20289353,0.1907643,-0.4155779,9
2023-08-06,0.59339327,0.2617909,0.14481582,-0.44857746,7
2023-08-07,0.2728414,0.1678017,0.559357,0.28651553,28
2023-08-08,0.52253133,0.2915332,0.18593548,-0.3365958,14
2023-08-09,0.49390584,0.19710767,0.30898646,-0.18491939,33
2023-08-10,0.30370212,0.1311272,0.56517065,0.26146856,14
2023-08-11,0.48375782,0.25757033,0.25867188,-0.22508599,21
2023-08-12,0.61180115,0.16176228,0.22643656,-0.38536456,6
2023-08-13,0.6558868,0.16944814,0.17466503,-0.48122177,6
2023-08-14,0.48088813,0.2782794,0.24083246,-0.24005568,24
2023-08-15,0.5757509,0.1796771,0.24457201,-0.33117884,20
2023-08-16,0.41462174,0.34678167,0.23859665,-0.17602506,14
2023-08-17,0.5171134,0.25157166,0.23131497,-0.28579843,18
2023-08-18,0.6338118,0.2679121,0.0982761,-0.5355357,14
2023-08-19,0.61094373,0.29678237,0.09227388,-0.51866984,9
2023-08-20,0.80949765,0.155301,0.03520131,-0.7742964,5
2023-08-21,0.54388905,0.14951032,0.30660066,-0.23728836,21
2023-08-22,0.584592,0.24470039,0.17070766,-0.4138843,20
2023-08-23,0.49906364,0.30103016,0.19990622,-0.2991574,18
2023-08-24,0.5341436,0.28809822,0.17775814,-0.3563855,25
2023-08-25,0.6508215,0.08779272,0.26138577,-0.38943574,12
2023-08-26,0.6559236,0.2856393,0.058437143,-0.59748644,9
2023-08-27,0.837019,0.12836747,0.03461351,-0.80240554,8
2023-08-28,0.4635799,0.25193295,0.2844872,-0.17909272,21
2023-08-29,0.4450324,0.26653156,0.28843606,-0.1565963,18
2023-08-30,0.53065014,0.18339907,0.28595078,-0.24469937,26
2023-08-31,0.5174466,0.24821354,0.23433983,-0.28310677,23
2023-09-01,0.48241356,0.1988225,0.31876394,-0.16364962,22
2023-09-02,0.65232867,0.23641156,0.111259736,-0.541069,6
2023-09-03,0.48200542,0.023071896,0.49492267,0.01291725,2
2023-09-04,0.77511305,0.1163635,0.108523466,-0.66658956,6
2023-09-05,0.5292916,0.2784645,0.19224383,-0.33704782,23
2023-09-06,0.3938402,0.100132674,0.50602716,0.11218693,51
2023-09-07,0.35453376,0.06968681,0.5757795,0.2212457,67
2023-09-08,0.36435783,0.14048104,0.4951611,0.13080327,92
2023-09-09,0.6608336,0.22129315,0.117873274,-0.5429603,9
2023-09-10,0.4299135,0.17683777,0.39324874,-0.036664765,14
2023-09-11,0.40931752,0.2880602,0.30262232,-0.10669519,73
2023-09-12,0.4909582,0.15312348,0.3559183,-0.13503996,85
2023-09-13,0.45613894,0.16227323,0.38158783,-0.07455113,67
2023-09-14,0.51252156,0.16390367,0.32357475,-0.18894684,47
2023-09-15,0.47991067,0.22569159,0.29439774,-0.18551293,37
2023-09-16,0.7701505,0.21201436,0.017835163,-0.7523153,8
2023-09-17,0.6434324,0.20102896,0.1555387,-0.4878936,11
2023-09-18,0.43239346,0.32244006,0.24516647,-0.187227,40
2023-09-19,0.46517846,0.21935184,0.3154697,-0.14970875,28
2023-09-20,0.50290424,0.2664648,0.23063095,-0.27227327,36
2023-09-21,0.43664947,0.23867206,0.32467845,-0.11197102,30
2023-09-22,0.47152755,0.21366364,0.31480882,-0.15671872,43
2023-09-23,0.6197091,0.27343506,0.1068559,-0.5128532,13
2023-09-24,0.37885723,0.4957587,0.1253841,-0.25347307,19
2023-09-25,0.4978499,0.22552115,0.27662894,-0.22122097,23
2023-09-26,0.51484156,0.14337242,0.34178606,-0.17305548,19
2023-09-27,0.45858526,0.23015311,0.3112616,-0.14732365,17
2023-09-28,0.47227916,0.19887857,0.32884228,-0.14343685,41
2023-09-29,0.46975893,0.19864546,0.33159563,-0.13816327,29
2023-09-30,0.6279062,0.13323607,0.23885775,-0.38904843,14
2023-10-01,0.51654315,0.13394557,0.3495113,-0.16703187,11
2023-10-02,0.6551458,0.17282192,0.17203225,-0.48311356,22
2023-10-03,0.5200735,0.19014476,0.2897818,-0.23029165,24
2023-10-04,0.35902396,0.18143514,0.45954087,0.10051692,60
2023-10-05,0.61671823,0.22346681,0.15981492,-0.4569033,26
2023-10-06,0.4507312,0.15963963,0.38962916,-0.06110202,24
2023-10-07,0.7880518,0.17564327,0.036305014,-0.7517467,6
2023-10-08,0.5955003,0.11594975,0.28854996,-0.30695033,8
2023-10-09,0.5563002,0.23116483,0.212535,-0.3437652,23
2023-10-10,0.43611437,0.23090371,0.3329819,-0.10313242,21
2023-10-11,0.60876787,0.2448296,0.1464025,-0.4623654,23
2023-10-12,0.43124261,0.2592942,0.30946314,-0.12177947,13
2023-10-13,0.45040637,0.3291633,0.22043036,-0.22997601,23
2023-10-14,0.61834633,0.27645743,0.105196245,-0.5131501,9
2023-10-15,0.6411219,0.26629168,0.09258643,-0.54853547,20
2023-10-16,0.38789997,0.25387746,0.35822257,-0.029677406,27
2023-10-17,0.4006436,0.2796127,0.31974372,-0.08089988,18
2023-10-18,0.5574716,0.26586285,0.17666556,-0.38080603,15
2023-10-19,0.43387678,0.18420912,0.3819141,-0.051962648,26
2023-10-20,0.45436507,0.18821298,0.35742196,-0.09694309,23
2023-10-21,0.7275406,0.2510175,0.021441866,-0.70609874,11
2023-10-22,0.65467286,0.20570049,0.13962664,-0.51504624,10
2023-10-23,0.35282108,0.15564033,0.4915386,0.13871753,34
2023-10-24,0.592212,0.22042696,0.187361,-0.404851,33
2023-10-25,0.44238362,0.35934883,0.19826755,-0.2441161,27
2023-10-26,0.49440622,0.10925635,0.39633742,-0.09806882,28
2023-10-27,0.62493956,0.20288403,0.17217644,-0.45276308,32
2023-10-28,0.46642575,0.3593821,0.17419213,-0.29223362,9
2023-10-29,0.4714234,0.17498748,0.35358915,-0.11783427,19
2023-10-30,0.47580147,0.2417315,0.28246704,-0.19333446,49
2023-10-31,0.46746933,0.204464,0.32806668,-0.13940267,41
2023-11-01,0.33987817,0.2605724,0.39954942,0.059671286,37
2023-11-02,0.24183664,0.2554867,0.50267667,0.26084006,51
2023-11-03,0.3255473,0.17470354,0.49974912,0.17420182,65
2023-11-04,0.4696217,0.3681437,0.16223457,-0.3073871,6
2023-11-05,0.4981477,0.12389074,0.37796158,-0.12018613,9
2023-11-06,0.39672914,0.17928207,0.42398876,0.027259609,29
2023-11-07,0.59184426,0.28374192,0.12441384,-0.46743038,24
2023-11-08,0.68679255,0.22176298,0.09144448,-0.59534806,30
2023-11-09,0.5459988,0.17624143,0.27775973,-0.26823905,35
2023-11-10,0.50771385,0.21866255,0.27362362,-0.23409022,28
2023-11-11,0.38685402,0.43918395,0.1739621,-0.21289194,6
2023-11-12,0.6350941,0.22707891,0.13782698,-0.4972671,4
2023-11-13,0.56431973,0.28361204,0.15206826,-0.41225147,26
2023-11-14,0.43862396,0.2951177,0.2662583,-0.17236564,42
2023-11-15,0.515787,0.18324612,0.3009669,-0.2148201,29
2023-11-16,0.5254991,0.22060789,0.25389302,-0.2716061,26
2023-11-17,0.58474857,0.16765913,0.2475923,-0.33715627,30
2023-11-18,0.55289555,0.11170284,0.3354016,-0.21749397,20
2023-11-19,0.5790896,0.21470435,0.20620604,-0.37288356,8
2023-11-20,0.7024439,0.14226247,0.15529361,-0.5471503,18
2023-11-21,0.59884775,0.15803793,0.24311434,-0.35573342,31
2023-11-22,0.3981225,0.28546727,0.3164102,-0.08171229,16
2023-11-23,0.31482184,0.32624313,0.358935,0.044113178,12
2023-11-24,0.47849908,0.41515952,0.10634139,-0.3721577,26
2023-11-25,0.6492881,0.32213607,0.028575817,-0.62071234,5
2023-11-26,0.45268565,0.2923428,0.25497153,-0.19771416,14
2023-11-27,0.6378952,0.28105953,0.08104525,-0.55684996,29
2023-11-28,0.4593396,0.26663563,0.27402478,-0.18531479,25
2023-11-29,0.6838598,0.1525777,0.1635625,-0.5202973,30
2023-11-30,0.40947297,0.230192,0.36033502,-0.049137957,13
2023-12-01,0.6881975,0.16619267,0.14560986,-0.54258764,22
2023-12-02,0.65492034,0.28806585,0.05701381,-0.59790653,8
2023-12-03,0.64075655,0.25333104,0.105912365,-0.5348442,24
2023-12-04,0.5706245,0.34228677,0.08708881,-0.48353562,20
2023-12-05,0.51808244,0.29333895,0.1885786,-0.32950383,24
2023-12-06,0.548248,0.25734138,0.19441059,-0.35383743,41
2023-12-07,0.4726246,0.33267066,0.19470477,-0.27791986,35
2023-12-08,0.57762724,0.21941668,0.2029561,-0.37467113,45
2023-12-09,0.5491424,0.3906772,0.06018034,-0.48896208,6
2023-12-10,0.5432617,0.21984182,0.23689647,-0.30636525,12
2023-12-11,0.56667304,0.1709146,0.26241237,-0.30426064,30
2023-12-12,0.5001899,0.20450872,0.29530135,-0.20488858,32
2023-12-13,0.5387706,0.24175906,0.21947035,-0.31930023,32
2023-12-14,0.4647198,0.25779712,0.27748308,-0.18723671,34
2023-12-15,0.6022369,0.20340206,0.19436102,-0.4078759,23
2023-12-16,0.5226988,0.35629177,0.12100942,-0.4016894,9
2023-12-17,0.5324418,0.44028136,0.027276812,-0.505165,7
2023-12-18,0.31870195,0.15190043,0.5293976,0.2106957,29
2023-12-19,0.5114882,0.20500357,0.2835082,-0.22798005,37
2023-12-20,0.6207247,0.18259001,0.19668528,-0.42403942,18
2023-12-21,0.45432103,0.21715802,0.32852095,-0.12580007,36
2023-12-22,0.43838274,0.3988845,0.16273278,-0.27564994,19
2023-12-23,0.54660034,0.10172433,0.35167533,-0.19492501,5
2023-12-24,0.40198717,0.16794421,0.43006864,0.028081454,4
2023-12-25,0.4594752,0.21787557,0.32264918,-0.136826,5
2023-12-26,0.4870913,0.20002624,0.31288245,-0.17420883,32
2023-12-27,0.39564425,0.22557999,0.3787758,-0.016868431,42
2023-12-28,0.43879268,0.31832886,0.24287847,-0.19591421,36
2023-12-29,0.55179185,0.3000399,0.14816833,-0.4036235,24
2023-12-30,0.48515368,0.34590816,0.16893812,-0.31621557,12
2023-12-31,0.46717215,0.35426822,0.17855963,-0.2886125,9
2024-01-01,0.37779218,0.4889353,0.13327253,-0.24451964,8
2024-01-02,0.19899724,0.119562484,0.6814403,0.48244303,44
2024-01-03,0.3723254,0.109222986,0.51845163,0.14612624,38
2024-01-04,0.28560415,0.14869502,0.5657008,0.28009668,35
2024-01-05,0.35979933,0.20258355,0.43761712,0.07781779,33
2024-01-06,0.3334929,0.33859444,0.32791266,-0.005580204,7
2024-01-07,0.49028885,0.104401894,0.40530923,-0.0849796,6
2024-01-08,0.46281525,0.19978984,0.33739492,-0.12542033,32
2024-01-09,0.53543746,0.2224604,0.24210213,-0.29333538,16
2024-01-10,0.44521642,0.20257872,0.35220486,-0.09301159,27
2024-01-11,0.52740425,0.18101367,0.29158205,-0.23582222,29
2024-01-12,0.56141686,0.14654258,0.29204053,-0.26937634,30
2024-01-13,0.6941554,0.16732462,0.13852008,-0.5556353,3
2024-01-14,0.57478315,0.18860835,0.23660855,-0.3381746,11
2024-01-15,0.37409088,0.2066551,0.41925406,0.045163196,28
2024-01-16,0.30420554,0.21596903,0.47982544,0.17561987,46
2024-01-17,0.3396647,0.32488766,0.33544764,-0.00421707,46
2024-01-18,0.32597712,0.4279091,0.24611378,-0.07986332,44
2024-01-19,0.40573958,0.28756073,0.3066997,-0.099039875,28
2024-01-20,0.44386068,0.45884317,0.09729617,-0.34656447,13
2024-01-21,0.5444075,0.2845432,0.17104934,-0.37335813,11
2024-01-22,0.49180594,0.2754093,0.23278472,-0.25902122,21
2024-01-23,0.43754184,0.20526092,0.35719723,-0.080344625,18
2024-01-24,0.35714468,0.35028082,0.2925745,-0.06457019,20
2024-01-25,0.4893847,0.18923016,0.32138515,-0.16799958,39
2024-01-26,0.5430967,0.24767308,0.2092302,-0.3338665,32
2024-01-27,0.52007335,0.18331616,0.29661047,-0.22346288,13
2024-01-28,0.51983666,0.11145694,0.3687064,-0.1511302,15
2024-01-29,0.49971363,0.30724162,0.19304475,-0.3066689,28
2024-01-30,0.39242858,0.3164111,0.29116032,-0.10126828,28
2024-01-31,0.51727325,0.1970549,0.28567186,-0.23160142,32
2024-02-01,0.33418685,0.3552148,0.31059834,-0.023588512,59
2024-02-02,0.32872117,0.39601818,0.27526072,-0.05346045,61
2024-02-03,0.46911773,0.41443804,0.116444275,-0.35267344,11
2024-02-04,0.5985323,0.21611725,0.18535042,-0.4131819,12
2024-02-05,0.40334383,0.26782975,0.32882643,-0.07451738,35
2024-02-06,0.41728607,0.37524036,0.20747359,-0.20981248,14
2024-02-07,0.5022029,0.20275253,0.29504454,-0.20715843,29
2024-02-08,0.42236426,0.3398041,0.23783161,-0.18453266,25
2024-02-09,0.4530868,0.3877691,0.1591441,-0.2939427,18
2024-02-10,0.67859197,0.21989714,0.10151086,-0.57708114,9
2024-02-11,0.62177396,0.17813848,0.20008755,-0.4216864,6
2024-02-12,0.36209354,0.33815643,0.29974997,-0.06234355,15
2024-02-13,0.52003866,0.33235106,0.14761029,-0.37242833,19
2024-02-14,0.6666149,0.224637,0.10874809,-0.5578668,18
2024-02-15,0.55468917,0.23217091,0.21313992,-0.34154925,28
2024-02-16,0.6468966,0.20331791,0.14978549,-0.49711114,20
2024-02-17,0.32987288,0.46171793,0.20840916,-0.121463716,10
2024-02-18,0.47732943,0.21871856,0.30395204,-0.17337736,10
2024-02-19,0.49550173,0.16177608,0.34272218,-0.15277953,16
2024-02-20,0.36148384,0.42439732,0.21411884,-0.14736503,19
2024-02-21,0.60354,0.23041502,0.166045,-0.437495,29
2024-02-22,0.6412972,0.23121007,0.1274927,-0.51380455,15
2024-02-23,0.552398,0.34889743,0.09870455,-0.4536935,12
2024-02-24,0.6226772,0.33926407,0.038058687,-0.5846185,3
2024-02-25,0.6459283,0.20118657,0.15288515,-0.49304318,7
2024-02-26,0.6064927,0.26665178,0.12685554,-0.47963715,25
2024-02-27,0.43024063,0.13818686,0.4315725,0.0013318658,21
2024-02-28,0.49641013,0.19795656,0.3056333,-0.19077681,24
2024-02-29,0.5718634,0.1567753,0.2713613,-0.30050212,18
2024-03-01,0.43983275,0.34473905,0.2154282,-0.22440456,19
2024-03-02,0.65620273,0.24687846,0.09691878,-0.55928403,15
2024-03-03,0.6854803,0.21582028,0.098699436,-0.58678085,10
2024-03-04,0.28998974,0.21550143,0.49450886,0.2045191,27
2024-03-05,0.28450102,0.1531123,0.5623867,0.27788565,28
2024-03-06,0.48574427,0.09240016,0.42185557,-0.063888684,15
2024-03-07,0.30476567,0.17667784,0.5185564,0.21379079,19
2024-03-08,0.22673824,0.38982907,0.3834327,0.15669447,17
2024-03-09,0.5348407,0.21854301,0.2466163,-0.2882244,8
2024-03-10,0.25453398,0.31512338,0.4303426,0.17580868,10
2024-03-11,0.35038587,0.22710821,0.42250592,0.07212003,18
2024-03-12,0.4970969,0.2824158,0.22048725,-0.27660966,13
2024-03-13,0.43363777,0.3490939,0.21726833,-0.21636944,12
2024-03-14,0.48652992,0.24793017,0.26553994,-0.22098997,20
2024-03-15,0.49478525,0.17362289,0.33159184,-0.16319345,17
2024-03-16,0.46835724,0.22216146,0.3094813,-0.15887593,12
2024-03-17,0.654585,0.24439202,0.101022944,-0.5535621,7
2024-03-18,0.676647,0.23485684,0.08849612,-0.5881509,18
2024-03-19,0.5516754,0.3145786,0.13374603,-0.41792938,18
2024-03-20,0.3378258,0.3157355,0.3464387,0.008612912,16
2024-03-21,0.412007,0.20730397,0.38068902,-0.03131796,21
2024-03-22,0.40196157,0.20517944,0.392859,-0.009102539,33
2024-03-23,0.5265539,0.22498757,0.24845843,-0.2780955,6
2024-03-24,0.30296597,0.40504888,0.29198512,-0.0109808445,12
2024-03-25,0.412447,0.17231327,0.4152397,0.002792649,24
2024-03-26,0.46434408,0.37314343,0.1625125,-0.3018316,19
2024-03-27,0.4538952,0.18462357,0.36148122,-0.09241398,13
2024-03-28,0.483794,0.28469512,0.23151088,-0.25228316,24
2024-03-29,0.3224812,0.4446927,0.23282608,-0.08965508,10
2024-03-30,0.39340937,0.101112306,0.5054783,0.11206893,6
2024-03-31,0.4652816,0.08965308,0.4450653,-0.020216295,12
2024-04-01,0.432083,0.15263417,0.41528285,-0.01680017,12
2024-04-02,0.3114787,0.19196011,0.49656117,0.18508248,11
2024-04-03,0.48321483,0.058716003,0.45806918,-0.025145624,14
2024-04-04,0.54746133,0.058186207,0.39435244,-0.15310887,6
2024-04-05,0.14883369,0.29516754,0.55599874,0.40716508,18
2024-04-06,0.3874894,0.13204408,0.48046649,0.092977114,3
2024-04-07,0.56186295,0.08165485,0.35648224,-0.20538072,6
2024-04-08,0.5556418,0.3618128,0.0825454,-0.4730964,13
2024-04-09,0.35137,0.095204,0.5534261,0.20205607,7
2024-04-10,0.5218527,0.31645614,0.16169116,-0.3601615,14
2024-04-11,0.47776067,0.118157096,0.4040822,-0.07367845,16
2024-04-12,0.42521694,0.3521795,0.22260351,-0.20261343,12
2024-04-13,0.36211896,0.36558536,0.27229568,-0.08982327,10
2024-04-14,0.25254422,0.35866475,0.38879105,0.13624686,8
2024-04-15,0.23589648,0.1670994,0.5970041,0.36110765,22
2024-04-16,0.30701151,0.54493827,0.1480502,-0.15896128,14
2024-04-17,0.58688056,0.3104879,0.102631494,-0.48424906,20
2024-04-18,0.4437522,0.2028211,0.3534267,-0.09032552,25
2024-04-19,0.42295545,0.20126697,0.37577757,-0.047177847,29
2024-04-20,0.6067708,0.3780996,0.015129623,-0.5916411,6
2024-04-21,0.9100608,0.06586511,0.024074135,-0.8859866,3
2024-04-22,0.38863933,0.27865136,0.3327093,-0.055930004,27
2024-04-23,0.31942746,0.2671494,0.41342312,0.09399564,21
2024-04-24,0.4303958,0.36587963,0.20372456,-0.22667126,12
2024-04-25,0.18264994,0.16107391,0.65627617,0.47362623,19
2024-04-26,0.48440018,0.28070682,0.23489296,-0.24950722,16
2024-04-27,0.5760674,0.30214617,0.121786416,-0.454281,12
2024-04-28,0.49215868,0.29275265,0.21508868,-0.27707002,16
2024-04-29,0.33044204,0.2948697,0.37468827,0.044246245,19
2024-04-30,0.45352164,0.33855695,0.20792145,-0.24560021,23
2024-05-01,0.43907475,0.27065986,0.29026538,-0.14880937,16
2024-05-02,0.41868764,0.28523403,0.29607832,-0.12260935,27
2024-05-03,0.3690825,0.31752306,0.3133944,-0.055688113,28
2024-05-04,0.44377595,0.17631412,0.37990993,-0.063865975,10
2024-05-05,0.31624383,0.32039738,0.3633588,0.047114994,14
2024-05-06,0.3330153,0.3435492,0.32343554,-0.009579744,32
2024-05-07,0.41835856,0.32041025,0.2612312,-0.15712738,35
2024-05-08,0.40080422,0.25839242,0.34080333,-0.060000908,22
2024-05-09,0.50244874,0.3681798,0.12937143,-0.37307733,20
2024-05-10,0.46347487,0.2576806,0.2788445,-0.18463035,25
2024-05-11,0.6166654,0.06619088,0.3171437,-0.2995217,10
2024-05-12,0.55802125,0.22111785,0.22086087,-0.33716038,17
2024-05-13,0.53161067,0.328904,0.13948536,-0.39212528,19
2024-05-14,0.5136081,0.3160833,0.17030859,-0.3432995,26
2024-05-15,0.53822154,0.30694914,0.15482932,-0.3833922,23
2024-05-16,0.5924792,0.20374466,0.20377608,-0.38870317,19
2024-05-17,0.43856156,0.34596893,0.21546946,-0.2230921,11
2024-05-18,0.3706734,0.45378783,0.17553876,-0.19513461,4
2024-05-19,0.54320407,0.1328712,0.32392478,-0.21927924,6
2024-05-20,0.43748018,0.36895788,0.1935619,-0.24391828,15
2024-05-21,0.370347,0.27211118,0.35754183,-0.012805153,22
2024-05-22,0.35016847,0.31937867,0.33045283,-0.019715643,12
2024-05-23,0.38923004,0.34532085,0.26544908,-0.12378099,21
2024-05-24,0.52204496,0.44104183,0.03691321,-0.48513177,15
2024-05-25,0.28062853,0.34546924,0.37390226,0.09327373,8
2024-05-26,0.41764522,0.5259299,0.056424845,-0.36122036,6
2024-05-27,0.78127223,0.06990911,0.1488187,-0.63245356,5
2024-05-28,0.42228088,0.3976473,0.1800718,-0.2422091,20
2024-05-29,0.3872172,0.4587093,0.15407355,-0.23314364,20
2024-05-30,0.4631177,0.3256068,0.2112755,-0.2518422,21
2024-05-31,0.5037312,0.1518953,0.3443735,-0.15935765,14
2024-06-01,0.26919276,0.3443756,0.38643166,0.11723887,6
2024-06-02,0.46029332,0.35157695,0.18812968,-0.27216366,6
2024-06-03,0.4177593,0.4316039,0.1506368,-0.26712248,9
2024-06-04,0.30957624,0.2555324,0.43489134,0.12531509,13
2024-06-05,0.4635971,0.5155984,0.020804537,-0.44279253,18
2024-06-06,0.35108075,0.48876068,0.16015859,-0.19092214,25
2024-06-07,0.4441263,0.37845314,0.17742056,-0.26670575,22
2024-06-08,0.8778198,0.09736401,0.024816215,-0.85300356,3
2024-06-09,0.13746119,0.7768969,0.085641906,-0.051819284,7
2024-06-10,0.57851803,0.2731125,0.14836943,-0.4301486,24
2024-06-11,0.3641883,0.41005233,0.22575937,-0.13842893,35
2024-06-12,0.30847496,0.4223928,0.26913226,-0.039342705,39
2024-06-13,0.4402788,0.36135536,0.19836581,-0.24191302,38
2024-06-14,0.4624901,0.3753171,0.16219278,-0.30029732,17
2024-06-15,0.59998757,0.23931116,0.16070129,-0.43928626,12
2024-06-16,0.30619183,0.65311396,0.04069421,-0.26549762,7
2024-06-17,0.4115597,0.3892368,0.1992035,-0.21235617,24
2024-06-18,0.4091465,0.35342097,0.23743252,-0.17171396,37
2024-06-19,0.4742521,0.46774736,0.05800057,-0.41625154,13
2024-06-20,0.43268803,0.43385616,0.13345578,-0.29923227,24
2024-06-21,0.37886104,0.27321166,0.34792736,-0.030933676,29
2024-06-22,0.53955656,0.42023262,0.040210813,-0.49934578,6
2024-06-23,0.51483035,0.36483952,0.12033016,-0.39450017,12
2024-06-24,0.45587558,0.28192595,0.2621985,-0.19367707,28
2024-06-25,0.41014075,0.32533684,0.2645224,-0.14561833,19
2024-06-26,0.373854,0.30795902,0.31818697,-0.055667058,17
2024-06-27,0.34939384,0.34935248,0.30125368,-0.048140172,25
2024-06-28,0.43144807,0.4100141,0.15853782,-0.27291027,19
2024-06-29,0.45846313,0.3905415,0.15099536,-0.30746776,7
2024-06-30,0.41342932,0.38650393,0.20006675,-0.21336257,8
2024-07-01,0.3584374,0.3558767,0.28568587,-0.072751544,13
2024-07-02,0.38751984,0.3334005,0.27907968,-0.10844016,18
2024-07-03,0.51909196,0.30546257,0.17544544,-0.34364653,24
2024-07-04,0.72558856,0.15419485,0.12021656,-0.605372,26
2024-07-05,0.39974266,0.36605033,0.234207,-0.16553563,20
2024-07-06,0.13864122,0.3860284,0.47533038,0.33668914,2
2024-07-07,0.32034132,0.5512212,0.12843746,-0.19190387,6
2024-07-08,0.43326193,0.22601366,0.3407244,-0.092537545,15
2024-07-09,0.5052359,0.3964896,0.09827453,-0.40696138,28
2024-07-10,0.51638716,0.28616086,0.19745201,-0.31893516,25
2024-07-11,0.4159442,0.4129932,0.17106262,-0.24488157,25
2024-07-12,0.44129893,0.29000115,0.2686999,-0.17259902,19
2024-07-13,0.6117868,0.30318156,0.0850317,-0.52675503,7
2024-07-14,0.3594368,0.48661512,0.15394807,-0.20548873,5
2024-07-15,0.26476726,0.64909774,0.08613503,-0.17863223,20
2024-07-16,0.35298723,0.5037766,0.14323616,-0.20975105,13
2024-07-17,0.42983112,0.39045933,0.17970955,-0.25012156,22
2024-07-18,0.34271145,0.45089802,0.20639056,-0.13632087,24
2024-07-19,0.5035874,0.3222964,0.1741161,-0.32947135,17
2024-07-20,0.58104664,0.13222818,0.28672513,-0.2943215,3
2024-07-21,0.4976523,0.39686653,0.10548117,-0.39217114,12
2024-07-22,0.42967176,0.22737977,0.34294844,-0.08672333,9
2024-07-23,0.4469058,0.4145342,0.13856,-0.3083458,22
2024-07-24,0.38226485,0.3539638,0.26377136,-0.118493505,32
2024-07-25,0.29663634,0.5058841,0.19747955,-0.09915678,19
2024-07-26,0.24612577,0.31956425,0.43430996,0.18818419,19
2024-07-27,0.41366068,0.4151275,0.17121184,-0.24244884,7
2024-07-28,0.396109,0.35528755,0.2486034,-0.14750563,18
2024-07-29,0.3952065,0.2472862,0.3575073,-0.037699264,27
2024-07-30,0.2856002,0.50398356,0.21041624,-0.07518396,18
2024-07-31,0.19087887,0.42211232,0.38700882,0.19612995,15
2024-08-01,0.3105172,0.31963363,0.36984915,0.059331946,18
2024-08-02,0.31711578,0.26038235,0.42250183,0.1053861,27
2024-08-03,0.46471635,0.23132886,0.3039548,-0.1607615,7
2024-08-04,0.49687773,0.15615283,0.3469695,-0.14990823,9
2024-08-05,0.3389479,0.091914065,0.56913805,0.23019011,33
2024-08-06,0.30821264,0.22018176,0.4716056,0.16339296,32
2024-08-07,0.3413281,0.1809804,0.47769147,0.13636337,15
2024-08-08,0.47821525,0.20211664,0.31966808,-0.15854718,22
2024-08-09,0.43278858,0.34036106,0.22685036,-0.20593822,17
2024-08-10,0.5366304,0.24761207,0.21575756,-0.32087278,18
2024-08-11,0.6218962,0.30901387,0.06908994,-0.55280626,11
2024-08-12,0.5787367,0.27256218,0.14870113,-0.43003556,11
2024-08-13,0.36109546,0.41542107,0.22348344,-0.13761202,23
2024-08-14,0.4914836,0.24406491,0.26445147,-0.22703212,30
2024-08-15,0.46302623,0.2866706,0.25030318,-0.21272305,14
2024-08-16,0.35208312,0.29608443,0.35183242,-0.0002506801,7
2024-08-17,0.70333624,0.07851572,0.21814807,-0.4851882,5
2024-08-18,0.4588757,0.5110209,0.0301034,-0.4287723,6
2024-08-19,0.3652229,0.35662353,0.2781536,-0.08706933,17
2024-08-20,0.5486731,0.36932477,0.08200213,-0.46667096,8
2024-08-21,0.6576576,0.21426246,0.12807989,-0.5295778,18
2024-08-22,0.5037845,0.2231961,0.2730194,-0.23076506,6
2024-08-23,0.38594592,0.326536,0.28751805,-0.09842786,15
2024-08-24,0.447513,0.47782993,0.074657075,-0.37285593,6
2024-08-25,0.35760602,0.3779222,0.2644718,-0.09313422,6
2024-08-26,0.49729776,0.16974631,0.33295593,-0.16434182,14
2024-08-27,0.57119894,0.34819508,0.080606006,-0.4905929,17
2024-08-28,0.39708084,0.2973159,0.30560324,-0.0914776,18
2024-08-29,0.37304404,0.39155102,0.23540494,-0.13763912,14
2024-08-30,0.43885055,0.38517016,0.1759793,-0.26287124,14
2024-08-31,0.46905023,0.30980432,0.22114544,-0.2479048,10
2024-09-01,0.24233437,0.28041455,0.47725108,0.23491673,6
2024-09-02,0.4382429,0.38997194,0.17178515,-0.26645774,10
2024-09-03,0.5174883,0.18923439,0.29327732,-0.22421095,7
2024-09-04,0.30714113,0.51091135,0.1819475,-0.12519361,9
2024-09-05,0.28245714,0.4372434,0.28029945,-0.0021576763,15
2024-09-06,0.59990793,0.26958597,0.1305061,-0.46940178,18
2024-09-07,0.43875596,0.41785505,0.14338897,-0.29536697,8
2024-09-08,0.73520076,0.17853452,0.08626472,-0.64893603,17
2024-09-09,0.593274,0.28428382,0.12244217,-0.47083184,28
2024-09-10,0.354262,0.36807993,0.2776581,-0.07660392,34
2024-09-11,0.4843517,0.20017532,0.315473,-0.16887869,16
2024-09-12,0.3807665,0.43933463,0.1798989,-0.20086761,19
2024-09-13,0.5534485,0.15173106,0.29482046,-0.258628,8
2024-09-14,0.51943815,0.32057357,0.15998827,-0.3594499,8
2024-09-15,0.46959576,0.32474083,0.20566341,-0.26393235,5
2024-09-16,0.443029,0.22652045,0.3304506,-0.11257837,20
2024-09-17,0.5242148,0.26538268,0.21040253,-0.31381226,20
2024-09-18,0.47364706,0.25048906,0.27586386,-0.19778325,19
2024-09-19,0.44164428,0.36924392,0.1891118,-0.25253245,20
2024-09-20,0.5144727,0.19077599,0.2947513,-0.21972144,21
2024-09-21,0.52334243,0.04817089,0.42848668,-0.094855785,3
2024-09-22,0.30072483,0.6079383,0.09133691,-0.20938794,3
2024-09-23,0.5373711,0.20414923,0.25847965,-0.2788915,13
2024-09-24,0.44812897,0.39574564,0.1561254,-0.29200357,9
2024-09-25,0.48685926,0.24276246,0.27037823,-0.21648103,18
2024-09-26,0.31481814,0.3848079,0.30037394,-0.014444177,12
2024-09-27,0.36540407,0.41389304,0.22070292,-0.14470112,13
2024-09-28,0.39412066,0.40716794,0.1987114,-0.19540927,13
2024-09-29,0.5676032,0.41127053,0.021126393,-0.5464767,7
2024-09-30,0.4823674,0.38066155,0.13697106,-0.34539634,13
2024-10-01,0.35933602,0.28286937,0.3577946,-0.0015414357,24
2024-10-02,0.5026099,0.27775192,0.21963821,-0.28297168,16
2024-10-03,0.6928568,0.16838826,0.13875495,-0.5541018,12
2024-10-04,0.43222833,0.48015386,0.08761783,-0.3446105,10
2024-10-05,0.3374373,0.3052516,0.35731113,0.019873789,6
2024-10-06,0.43157825,0.46702668,0.10139505,-0.3301832,7
2024-10-07,0.5293993,0.054543406,0.41605732,-0.11334199,16
2024-10-08,0.49899998,0.24830164,0.2526984,-0.24630159,11
2024-10-09,0.50193506,0.22630237,0.27176255,-0.23017253,15
2024-10-10,0.38531807,0.4155731,0.19910887,-0.18620922,30
2024-10-11,0.56298053,0.16812862,0.26889092,-0.2940896,13
2024-10-12,0.2630801,0.22328442,0.51363546,0.25055537,3
2024-10-13,0.48812133,0.17238249,0.3394962,-0.1486251,5
2024-10-14,0.45728052,0.41691235,0.12580715,-0.33147335,11
2024-10-15,0.341041,0.58410263,0.07485638,-0.26618463,15
2024-10-16,0.36137497,0.35776407,0.28086093,-0.08051406,29
2024-10-17,0.31428146,0.47684672,0.20887178,-0.105409704,30
2024-10-18,0.2202639,0.49563852,0.2840976,0.0638337,26
2024-10-19,0.41292727,0.29225674,0.29481602,-0.11811125,3
2024-10-20,0.21642809,0.6706651,0.11290689,-0.103521205,7
2024-10-21,0.32404357,0.3920382,0.2839182,-0.040125377,14
2024-10-22,0.5109727,0.34224442,0.14678293,-0.3641897,3
2024-10-23,0.2847875,0.050210513,0.665002,0.3802145,4
2024-10-24,0.33545613,0.65350765,0.011036198,-0.32441992,4
2024-10-25,0.16042924,0.31150973,0.528061,0.36763176,3
2024-10-26,0.7511228,0.23855029,0.010326939,-0.74079585,1
2024-10-27,0.3895021,0.4391598,0.17133808,-0.21816401,4
2024-10-28,0.93861914,0.033350475,0.028030396,-0.91058874,2
2024-10-29,0.92028046,0.054048378,0.025671184,-0.8946093,3
2024-10-30,0.6635668,0.0829081,0.25352508,-0.41004175,2
2024-10-31,0.29941738,0.6480185,0.052564174,-0.2468532,5
2024-11-01,0.28155342,0.5471358,0.17131078,-0.11024262,4
2024-11-02,0.6606082,0.15473774,0.18465406,-0.47595415,5
2024-11-03,0.9140556,0.03453805,0.051406384,-0.8626492,1
2024-11-04,0.23339812,0.048146706,0.71845514,0.4850571,3
2024-11-05,0.33825716,0.6468086,0.014934244,-0.32332292,5
2024-11-06,0.38715488,0.075983815,0.5368613,0.14970644,5
2024-11-07,0.8784888,0.06549012,0.0560211,-0.8224677,2
2024-11-08,0.55738187,0.041647747,0.40097034,-0.15641153,2
2024-11-09,0.62778383,0.038384017,0.33383211,-0.29395175,3
2024-11-10,0.86807156,0.11102534,0.020903116,-0.84716845,3
2024-11-11,0.6207809,0.3486946,0.03052447,-0.59025645,3
2024-11-12,0.47177568,0.041472584,0.4867517,0.014976025,2
2024-11-13,0.7346899,0.25396678,0.0113433115,-0.7233466,2
2024-11-14,0.50993115,0.47401264,0.016056253,-0.49387485,2
2024-11-15,0.870824,0.11329779,0.015878296,-0.85494566,2
2024-11-16,0.5722564,0.40684718,0.020896435,-0.55135995,1
2024-11-17,0.8936348,0.086560726,0.019804422,-0.8738304,1
2024-11-19,0.34626198,0.021434577,0.6323035,0.2860415,1
2024-11-20,0.57109076,0.39114368,0.037765555,-0.5333252,2
2024-11-22,0.87926817,0.106457666,0.014274152,-0.86499405,2
2024-11-23,0.8164833,0.14278887,0.04072784,-0.77575547,3
2024-11-24,0.862791,0.12620045,0.011008502,-0.8517825,1
2024-11-25,0.93145394,0.040943734,0.027602293,-0.9038516,1
2024-11-26,0.9033769,0.040746547,0.05587654,-0.8475003,4
2024-11-27,0.7377453,0.021738775,0.24051596,-0.49722934,1
